代码,名称,现价,流通市值(亿),分类,蓄势相似度,拉升相似度,蓄势段涨幅,拉升段涨幅,匹配段DTW,匹配段相关,量能形态
002857,三晖电气,19.300,24.8,刚启动(拉升初期),8.48,86.25,-0.0332,0.3228,0.7915,0.9639,1.0
300535,达威股份,16.640,13.5,刚启动(拉升初期),15.66,82.63,0.0094,0.3022,0.9509,0.9282,1.0
603880,南卫股份,8.730,25.2,刚启动(拉升初期),12.86,82.31,0.0632,0.3801,1.0391,0.9437,1.0
300787,海能实业,10.010,19.7,刚启动(拉升初期),12.62,81.27,0.0,0.2833,1.117,0.9509,1.0
002551,尚荣医疗,3.270,20.0,刚启动(拉升初期),20.2,80.81,0.0219,0.1354,1.068,0.9354,1.0
002088,鲁阳节能,8.280,41.9,刚启动(拉升初期),15.41,80.69,-0.0517,0.1783,1.1039,0.9407,1.0
603922,ST金鸿顺,13.800,24.7,刚启动(拉升初期),8.18,79.98,-0.1031,0.3865,1.1693,0.9285,1.0
002486,嘉麟杰,2.540,20.8,刚启动(拉升初期),8.57,79.57,-0.0109,0.1396,1.1588,0.9343,1.0
002357,富临运业,10.990,34.5,刚启动(拉升初期),12.78,79.33,0.0418,0.3217,1.2412,0.941,1.0
300855,图南股份,34.810,102.0,刚启动(拉升初期),12.47,78.99,-0.0358,0.3135,1.1871,0.9152,1.0
300096,ST易联众,9.600,41.3,刚启动(拉升初期),8.86,78.91,0.0633,0.1933,1.1544,0.9118,1.0
000698,ST沈化,3.550,27.9,刚启动(拉升初期),8.71,78.71,0.0142,0.1125,1.0922,0.8932,1.0
688143,长盈通,152.290,186.4,刚启动(拉升初期),18.71,78.52,0.0221,0.6742,1.2544,0.9016,1.0
003023,彩虹集团,27.400,28.8,刚启动(拉升初期),18.8,78.43,0.0474,0.4008,1.1711,0.8893,1.0
600768,富邦新材,15.140,20.2,刚启动(拉升初期),12.34,78.08,-0.0663,0.1593,1.1984,0.9085,1.0
002849,威星智能,18.270,40.0,刚启动(拉升初期),8.95,78.07,0.0867,0.3456,1.1814,0.8878,1.0
300240,飞力达,6.030,21.9,刚启动(拉升初期),12.53,78.06,-0.0211,0.1663,1.1206,0.8817,1.0
603959,ST百利,5.130,25.2,刚启动(拉升初期),27.74,78.02,0.1272,0.2297,1.1657,0.8904,1.0
600721,百花医药,13.690,52.6,刚启动(拉升初期),32.34,77.9,0.8151,0.8929,1.282,0.883,1.0
300790,宇瞳光学,19.490,89.1,刚启动(拉升初期),8.0,77.75,-0.1435,0.1864,1.3024,0.9326,1.0
002098,浔兴股份,7.000,25.1,刚启动(拉升初期),12.28,77.71,-0.0802,0.087,1.2357,0.9183,1.0
603038,华立股份,16.770,45.1,刚启动(拉升初期),18.73,77.62,0.0276,0.4089,1.2723,0.9022,1.0
300154,瑞凌股份,11.860,37.4,刚启动(拉升初期),14.92,77.52,0.2794,0.5688,1.347,0.9139,1.0
600851,海欣股份,8.420,62.2,刚启动(拉升初期),24.04,77.49,0.0735,0.1496,1.2726,0.9193,1.0
301305,朗坤科技,24.090,30.0,刚启动(拉升初期),7.66,77.4,-0.2135,0.182,1.1574,0.951,0.7
688115,思林杰,67.140,62.7,刚启动(拉升初期),39.71,77.39,0.7678,0.4301,1.1971,0.945,0.7
001368,通达创智,23.130,25.0,刚启动(拉升初期),12.24,77.18,-0.0902,0.1777,1.2023,0.8858,1.0
300385,ST雪浪,12.720,38.3,刚启动(拉升初期),8.08,77.17,-0.1256,0.2608,1.1278,0.929,0.7
600444,国机通用,14.120,20.7,刚启动(拉升初期),15.36,77.16,-0.0622,0.1418,1.2153,0.8927,1.0
300907,康平科技,51.170,49.1,刚启动(拉升初期),9.6,77.11,0.2764,0.3746,1.3695,0.9244,1.0
600467,好当家,2.290,33.5,刚启动(拉升初期),15.72,76.96,0.0263,0.1038,1.0654,0.9161,0.7
603709,中源家居,11.760,19.1,刚启动(拉升初期),18.28,76.96,-0.0805,0.1829,1.222,0.8864,1.0
000985,大庆华科,15.910,20.6,刚启动(拉升初期),12.2,76.86,-0.0994,0.133,1.0523,0.9066,0.7
301419,阿莱德,42.110,41.8,刚启动(拉升初期),9.13,76.86,0.1377,0.5546,1.3774,0.9084,1.0
001210,金房能源,27.460,36.6,刚启动(拉升初期),9.19,76.79,0.1533,0.5498,1.2988,0.8807,1.0
002069,獐子岛,3.460,24.6,刚启动(拉升初期),12.48,76.77,-0.0335,0.1307,1.0831,0.915,0.7
603332,苏州龙杰,11.470,24.8,刚启动(拉升初期),12.39,76.71,-0.0561,0.1193,1.1596,0.865,1.0
605001,威奥股份,5.790,22.7,刚启动(拉升初期),15.14,76.7,-0.1135,0.1491,1.2251,0.884,1.0
300254,仟源医药,9.040,20.6,刚启动(拉升初期),7.97,76.61,-0.1507,0.1826,1.2101,0.8737,1.0
688598,金博股份,37.380,76.1,刚启动(拉升初期),9.51,76.56,0.2498,0.4461,1.3756,0.9075,1.0
002708,光洋股份,11.480,59.3,刚启动(拉升初期),7.96,76.51,-0.1522,0.2188,1.3705,0.9218,1.0
603330,天洋新材,10.650,46.1,刚启动(拉升初期),9.98,76.47,0.517,0.5235,1.4591,0.928,1.0
688635,长进光子,313.000,55.6,刚启动(拉升初期),6.07,76.26,-0.4716,0.374,1.4065,0.9155,1.0
300909,汇创达,53.820,69.5,刚启动(拉升初期),12.35,76.23,0.1476,0.3214,1.2817,0.8771,1.0
002809,红墙股份,8.430,14.3,刚启动(拉升初期),8.32,76.18,-0.0726,0.1454,1.1238,0.9124,0.7
001230,劲旅环境,22.650,24.9,刚启动(拉升初期),25.51,76.18,0.2902,0.3134,1.151,0.9079,0.7
300884,狄耐克,12.010,23.1,刚启动(拉升初期),28.04,76.17,0.0554,0.1059,1.4203,0.9396,1.0
603995,甬金股份,24.960,90.8,刚启动(拉升初期),25.64,76.16,0.2476,0.2757,1.2742,0.8762,1.0
601579,会稽山,19.250,92.3,刚启动(拉升初期),18.97,76.15,0.0919,0.3187,1.3471,0.8971,1.0
301209,联合化学,58.840,78.8,刚启动(拉升初期),18.24,76.09,-0.0911,0.4107,1.3796,0.8996,1.0
301591,肯特股份,36.330,16.2,刚启动(拉升初期),7.4,75.99,-0.263,0.3756,1.4077,0.9089,1.0
002873,新天药业,8.400,20.1,刚启动(拉升初期),12.41,75.97,-0.0508,0.1139,1.2706,0.8839,1.0
603182,嘉华股份,12.980,21.4,刚启动(拉升初期),12.47,75.73,-0.0357,0.1487,1.3097,0.8879,1.0
688296,和达科技,23.800,25.6,形态接近(观察),31.1,75.69,0.5757,0.5715,1.4132,0.8899,1.0
000887,中鼎股份,21.730,285.6,刚启动(拉升初期),8.76,75.68,0.0357,0.3035,1.2924,0.8683,1.0
002999,天禾股份,5.920,20.3,刚启动(拉升初期),12.34,75.67,-0.0677,0.0963,1.2747,0.8794,1.0
301080,百普赛斯,95.080,120.6,刚启动(拉升初期),41.68,75.55,1.4136,0.8262,1.3943,0.8653,1.0
001231,农心科技,20.860,10.6,刚启动(拉升初期),12.37,75.54,-0.06,0.18,1.1516,0.9027,0.7
002578,闽发铝业,3.680,31.7,刚启动(拉升初期),12.06,75.49,-0.1303,0.2699,1.3412,0.8824,1.0
688449,联芸科技,68.580,201.1,刚启动(拉升初期),8.48,75.43,-0.0331,0.3091,1.2343,0.9172,0.7
301628,强达电路,87.780,24.5,刚启动(拉升初期),7.2,75.34,-0.2981,0.2151,1.3822,0.8966,1.0
600162,香江控股,4.040,132.0,刚启动(拉升初期),9.76,75.28,0.4982,0.4929,1.2236,0.8968,0.7
000798,中水渔业,8.640,31.6,刚启动(拉升初期),15.96,75.23,-0.0046,0.1137,1.3539,0.8932,1.0
605177,东亚药业,19.660,22.3,刚启动(拉升初期),8.04,75.2,-0.134,0.3149,1.3925,0.8888,1.0
688656,浩欧博,94.870,60.3,刚启动(拉升初期),7.99,75.2,-0.1461,0.1983,1.3525,0.8847,1.0
600883,博闻科技,7.690,18.2,刚启动(拉升初期),12.29,75.18,-0.0779,0.1942,1.1064,0.8775,0.7
001234,泰慕士,22.120,20.2,刚启动(拉升初期),15.18,75.12,-0.103,0.1723,1.3727,0.8915,1.0
300120,经纬辉开,8.870,46.8,刚启动(拉升初期),8.76,75.08,0.0363,0.4137,1.5105,0.9177,1.0
688167,炬光科技,274.790,357.6,刚启动(拉升初期),18.39,75.02,-0.0551,0.436,1.317,0.9253,0.7
300345,华民股份,9.650,46.4,刚启动(拉升初期),35.6,74.93,0.602,0.8552,1.5893,0.9131,1.0
600261,阳光照明,3.080,41.1,刚启动(拉升初期),8.57,74.91,-0.0122,0.0983,1.2259,0.8439,1.0
001226,拓山重工,46.770,15.9,刚启动(拉升初期),8.43,74.89,-0.0454,0.2244,1.3998,0.8905,1.0
603282,亚光股份,15.520,20.8,刚启动(拉升初期),8.39,74.86,-0.0561,0.1548,0.9973,0.9114,0.4
605168,三人行,46.120,97.2,刚启动(拉升初期),8.29,74.84,-0.0791,0.3663,1.0856,0.9235,0.4
300670,大烨智能,6.370,14.3,刚启动(拉升初期),8.32,74.8,-0.0713,0.1771,1.2769,0.9263,0.7
603001,奥康国际,8.070,32.4,刚启动(拉升初期),7.51,74.79,-0.243,0.2933,0.9943,0.8973,0.4
000856,冀东装备,8.470,19.2,刚启动(拉升初期),8.28,74.79,-0.0804,0.1783,1.3449,0.8734,1.0
688559,海目星,55.820,138.3,刚启动(拉升初期),8.27,74.73,-0.0843,0.3074,1.2492,0.9047,0.7
688205,德科立,158.110,251.8,刚启动(拉升初期),14.29,74.69,-0.2819,0.2951,1.4418,0.8939,1.0
000833,粤桂股份,21.630,98.1,刚启动(拉升初期),8.23,74.65,-0.0932,0.1339,1.2695,0.9236,0.7
603231,索宝蛋白,16.040,17.0,刚启动(拉升初期),9.54,74.62,-0.022,0.1178,1.0338,0.9208,0.4
001366,播恩集团,12.340,19.8,刚启动(拉升初期),11.91,74.47,-0.1626,0.1727,1.4323,0.8952,1.0
688137,近岸蛋白,77.420,54.1,刚启动(拉升初期),32.74,74.42,0.8431,1.2641,1.4807,0.8638,1.0
002129,TCL中环,9.520,384.6,刚启动(拉升初期),8.62,74.39,0.0,0.1181,1.0711,0.9275,0.4
001209,洪兴股份,17.550,16.9,刚启动(拉升初期),7.88,74.39,-0.1678,0.1391,1.3341,0.8634,1.0
603217,元利科技,26.090,54.3,刚启动(拉升初期),18.57,74.35,-0.011,0.3968,1.2688,0.8953,0.7
002476,新叶股份,4.980,30.5,刚启动(拉升初期),8.34,74.29,-0.0673,0.1769,1.4585,0.899,1.0
600257,大湖股份,5.410,26.0,刚启动(拉升初期),18.6,74.2,-0.0054,0.1417,1.3102,0.9253,0.7
688485,九州一轨,80.680,121.3,刚启动(拉升初期),21.66,74.19,0.5947,0.642,1.4712,0.8675,1.0
002346,柘中股份,22.070,97.5,形态接近(观察),25.84,74.03,0.1029,0.3146,1.515,0.9003,1.0
603095,越剑智能,14.810,38.2,刚启动(拉升初期),17.47,74.0,-0.25,0.2274,1.5851,0.9297,1.0
688077,大地熊,28.460,32.6,刚启动(拉升初期),8.75,73.98,0.0338,0.2481,1.4223,0.8735,1.0
688505,复旦张江,8.360,59.4,刚启动(拉升初期),45.9,73.86,0.1591,0.1704,1.5045,0.9041,1.0
605066,天正电气,7.270,36.5,刚启动(拉升初期),8.45,73.82,-0.0409,0.1359,1.4019,0.8721,1.0
002679,福建金森,9.150,21.6,刚启动(拉升初期),12.4,73.76,-0.0529,0.1159,1.1831,0.8742,0.7
002552,宝鼎科技,55.210,203.5,刚启动(拉升初期),18.51,73.75,-0.0266,0.5428,1.3544,0.8238,1.0
688621,阳光诺和,66.620,74.6,刚启动(拉升初期),37.02,73.75,0.276,0.1588,1.4462,0.8829,1.0
688589,力合微,19.580,28.5,刚启动(拉升初期),8.27,73.71,-0.084,0.2074,1.5327,0.9068,1.0
300865,大宏立,29.440,18.3,刚启动(拉升初期),15.81,73.69,0.0502,0.41,1.4399,0.8597,1.0
300883,龙利得,6.540,21.6,刚启动(拉升初期),8.58,73.68,-0.0091,0.2749,1.1463,0.9217,0.4
300845,捷安高科,12.270,18.2,刚启动(拉升初期),7.94,73.65,-0.1554,0.248,1.2016,0.9416,0.4
001207,联科科技,16.850,49.3,刚启动(拉升初期),8.27,73.62,-0.0839,0.1632,1.5073,0.8997,1.0
003031,中瓷电子,136.540,464.4,刚启动(拉升初期),12.64,73.54,0.0054,0.3662,1.3781,0.9136,0.7
603029,天鹅股份,15.890,19.3,刚启动(拉升初期),12.32,73.44,-0.0725,0.1595,1.2486,0.8842,0.7
688807,优迅股份,329.530,52.7,刚启动(拉升初期),17.96,73.36,-0.1509,0.4269,1.5412,0.884,1.0
000705,浙江震元,6.930,19.5,刚启动(拉升初期),12.45,73.31,-0.0402,0.0896,1.3861,0.8582,1.0
002870,香山股份,47.870,62.1,刚启动(拉升初期),26.39,73.29,0.1898,0.2276,1.5772,0.9094,1.0
603578,三星新材,13.570,24.5,刚启动(拉升初期),8.21,73.2,-0.0983,0.1933,1.4784,0.877,1.0
603177,德创环保,10.370,21.2,刚启动(拉升初期),8.54,73.14,-0.0189,0.2275,1.5112,0.8838,1.0
000007,全新好,12.460,43.2,刚启动(拉升初期),12.9,73.11,0.0724,0.3833,1.431,0.8442,1.0
603358,华达科技,46.380,214.2,刚启动(拉升初期),20.31,73.09,0.2429,0.2389,1.1998,0.9277,0.4
002022,科华生物,5.540,28.5,刚启动(拉升初期),17.75,73.07,-0.0246,0.1036,1.3834,0.8501,1.0
002654,万润科技,13.660,115.5,刚启动(拉升初期),8.2,73.01,-0.0986,0.1944,1.2744,0.8792,0.7
603180,金牌家居,15.220,23.5,刚启动(拉升初期),8.06,72.94,-0.131,0.0861,1.5543,0.9052,1.0
603307,扬州金泉,25.840,25.1,刚启动(拉升初期),8.41,72.93,-0.0519,0.1785,1.0616,0.8825,0.4
600186,莲花控股,11.170,198.9,刚启动(拉升初期),13.16,72.89,0.1448,0.316,1.484,0.8614,1.0
301047,义翘神州,112.180,134.1,形态接近(观察),35.78,72.89,0.7659,0.6606,1.4971,0.8425,1.0
002655,共达电声,36.560,132.8,刚启动(拉升初期),12.51,72.88,-0.0275,0.5025,1.1946,0.9013,0.4
003042,中农联合,13.780,17.0,刚启动(拉升初期),15.21,72.79,-0.0973,0.1577,1.3742,0.835,1.0
300203,聚光科技,13.130,58.9,刚启动(拉升初期),8.86,72.76,0.0632,0.11,1.5303,0.8906,1.0
300268,佳沃食品,12.740,17.0,刚启动(拉升初期),15.44,72.7,-0.0443,0.2532,1.5774,0.8927,1.0
603391,力聚热能,68.640,15.6,刚启动(拉升初期),29.63,72.69,0.1508,0.3152,1.3212,0.8771,0.7
300381,溢多利,6.190,29.6,刚启动(拉升初期),8.34,72.69,-0.0663,0.1191,1.3625,0.9072,0.7
688687,凯因科技,18.210,31.1,刚启动(拉升初期),28.84,72.69,0.065,0.1757,1.4164,0.845,1.0
002706,良信股份,10.000,91.5,刚启动(拉升初期),11.11,72.66,-0.3138,0.146,1.558,0.8941,1.0
600713,南京医药,5.140,66.3,刚启动(拉升初期),30.53,72.65,0.0379,0.0421,1.5908,0.9142,1.0
603912,佳力图,8.310,45.1,刚启动(拉升初期),18.31,72.63,-0.0735,0.1768,1.5407,0.885,1.0
002696,百洋股份,5.920,19.8,刚启动(拉升初期),12.52,72.62,-0.0247,0.1813,1.5347,0.8823,1.0
688045,必易微,58.450,41.3,刚启动(拉升初期),12.19,72.58,-0.101,0.2092,1.5447,0.8823,1.0
600281,华阳新材,4.580,23.6,刚启动(拉升初期),18.39,72.58,-0.0552,0.1907,1.3712,0.826,1.0
688557,兰剑智能,20.800,30.9,刚启动(拉升初期),15.54,72.54,-0.0195,0.1594,1.5789,0.897,1.0
600857,宁波中百,19.650,44.1,刚启动(拉升初期),37.07,72.52,0.3436,0.2464,1.569,0.886,1.0
605179,一鸣食品,29.100,116.7,形态接近(观察),23.12,72.52,0.8618,0.9849,1.3637,0.9209,0.4
000068,华控赛格,3.060,30.8,刚启动(拉升初期),8.5,72.45,-0.0285,0.1328,1.1753,0.9124,0.4
600215,派斯林,6.460,29.5,刚启动(拉升初期),8.71,72.43,0.0235,0.1833,1.2439,0.9304,0.4
688195,腾景科技,170.140,308.1,刚启动(拉升初期),14.59,72.39,-0.2274,0.4744,1.3712,0.8748,0.7
300050,世纪鼎利,6.690,36.4,刚启动(拉升初期),8.31,72.36,-0.0735,0.2486,1.307,0.8693,0.7
688177,百奥泰,20.000,82.8,刚启动(拉升初期),35.09,72.32,0.0496,0.1825,1.5255,0.8717,1.0
605133,嵘泰股份,28.440,80.2,刚启动(拉升初期),7.73,72.29,-0.2001,0.189,1.3272,0.8792,0.7
603936,博敏电子,17.020,107.3,刚启动(拉升初期),11.54,72.28,-0.2358,0.2969,1.5172,0.8587,1.0
600051,宁波联合,6.260,19.5,刚启动(拉升初期),12.39,72.25,-0.0554,0.1188,1.1255,0.8921,0.4
600815,厦工股份,3.800,67.4,刚启动(拉升初期),19.27,72.22,0.1772,0.3659,1.0383,0.9423,0.0
300072,海新能科,3.690,86.0,刚启动(拉升初期),12.37,72.17,-0.0609,0.0819,1.5262,0.8771,1.0
000669,ST金鸿,4.190,28.5,刚启动(拉升初期),8.37,72.14,-0.0607,0.2258,1.6514,0.9055,1.0
002753,永东股份,6.720,19.9,刚启动(拉升初期),8.68,72.12,0.0158,0.1273,1.4946,0.8612,1.0
002743,富煌钢构,4.570,19.9,刚启动(拉升初期),18.3,71.97,-0.0769,0.3179,1.4888,0.8397,1.0
002491,通鼎互联,21.090,248.1,刚启动(拉升初期),12.23,71.95,-0.0922,0.3587,1.5654,0.8619,1.0
300394,天孚通信,257.940,2807.4,刚启动(拉升初期),11.94,71.83,-0.1563,0.4213,1.3402,0.9293,0.4
300931,通用电梯,15.000,29.3,刚启动(拉升初期),8.45,71.82,-0.0417,0.323,1.6439,0.8875,1.0
002988,豪美新材,23.800,59.5,刚启动(拉升初期),14.82,71.82,-0.1815,0.2122,1.6943,0.9129,1.0
688659,元琛科技,10.500,16.8,刚启动(拉升初期),8.5,71.78,-0.0296,0.2651,1.2615,0.9133,0.4
600774,汉商集团,7.160,21.1,刚启动(拉升初期),12.53,71.73,-0.0214,0.1768,0.9875,0.928,0.0
003017,大洋生物,21.980,18.3,刚启动(拉升初期),8.39,71.72,-0.0547,0.0865,1.6536,0.9077,1.0
688022,ST瀚川,8.680,15.3,刚启动(拉升初期),8.25,71.72,-0.0892,0.1714,1.5046,0.8505,1.0
605151,西上海,19.260,25.9,刚启动(拉升初期),8.09,71.71,-0.1249,0.1947,1.025,0.9386,0.0
002586,ST围海,4.640,50.5,刚启动(拉升初期),13.27,71.71,0.0668,0.3116,1.5815,0.8647,1.0
300923,研奥股份,24.490,18.7,刚启动(拉升初期),8.7,71.61,0.0207,0.2415,1.232,0.9011,0.4
002886,沃特股份,20.570,43.0,刚启动(拉升初期),7.17,71.55,-0.3041,0.1597,1.5328,0.8569,1.0
600099,林海股份,8.930,19.6,刚启动(拉升初期),8.34,71.35,-0.0682,0.1505,1.0053,0.9267,0.0
688601,力芯微,49.850,66.6,刚启动(拉升初期),8.35,71.32,-0.0646,0.3907,1.0942,0.9367,0.0
603176,汇通集团,4.920,22.7,刚启动(拉升初期),8.29,71.3,-0.0795,0.1913,1.0047,0.9218,0.0
002876,三利谱,29.570,44.0,刚启动(拉升初期),8.89,71.25,0.0698,0.1137,1.5786,0.8687,1.0
300171,东富龙,13.910,78.0,刚启动(拉升初期),41.23,71.25,0.1757,0.1688,1.4461,0.8196,1.0
605122,四方新材,11.510,19.8,刚启动(拉升初期),8.01,71.24,-0.1422,0.1566,1.1689,0.878,0.4
000711,ST京蓝,6.440,151.8,刚启动(拉升初期),16.0,71.21,0.0988,0.3004,1.5974,0.8583,1.0
600097,开创国际,8.510,20.5,刚启动(拉升初期),15.38,71.21,-0.0572,0.113,1.4117,0.8871,0.7
002951,金时科技,16.020,64.3,刚启动(拉升初期),7.86,71.18,-0.1732,0.2492,1.6487,0.8788,1.0
301300,远翔新材,31.840,12.4,刚启动(拉升初期),8.08,71.12,-0.1265,0.1516,1.25,0.9025,0.4
688628,优利德,83.800,93.7,刚启动(拉升初期),12.79,71.12,0.044,0.3918,1.5877,0.8461,1.0
001311,多利科技,17.870,32.5,刚启动(拉升初期),11.84,71.09,-0.176,0.1925,1.3297,0.8499,0.7
300404,博济医药,14.050,40.1,形态接近(观察),37.6,71.03,0.4108,0.4647,1.7298,0.8861,1.0
688503,聚和材料,89.890,217.6,刚启动(拉升初期),12.75,71.02,0.0346,0.3858,1.6049,0.8497,1.0
600543,*ST莫高,4.000,12.8,刚启动(拉升初期),8.18,70.99,-0.1042,0.1285,0.9983,0.9174,0.0
603151,邦基科技,15.470,26.5,刚启动(拉升初期),26.51,70.93,0.1275,0.2825,1.4475,0.8779,0.7
688566,吉贝尔,25.370,51.0,刚启动(拉升初期),35.91,70.88,0.016,0.072,1.6553,0.8887,1.0
688338,赛科希德,30.760,32.6,刚启动(拉升初期),35.73,70.79,0.1937,0.1794,1.5664,0.8474,1.0
300570,太辰光,202.740,389.7,刚启动(拉升初期),13.92,70.79,0.3831,0.6238,1.4938,0.8661,0.7
301160,翔楼新材,45.170,50.0,刚启动(拉升初期),9.48,70.78,0.2393,0.2661,1.7404,0.8981,1.0
603920,世运电路,38.080,274.4,刚启动(拉升初期),7.11,70.77,-0.3143,0.1637,1.4439,0.8822,0.7
000632,ST三木,3.750,17.5,刚启动(拉升初期),8.24,70.64,-0.0902,0.2433,1.2071,0.8685,0.4
600476,*ST湘邮,9.570,15.4,刚启动(拉升初期),8.04,70.61,-0.1348,0.1832,1.2524,0.8128,0.7
301126,达嘉维康,9.960,13.9,刚启动(拉升初期),12.37,70.55,-0.0613,0.153,1.2479,0.8875,0.4
603351,威尔药业,26.420,35.8,刚启动(拉升初期),19.7,70.53,0.0409,0.1396,1.3509,0.8474,0.7
002883,*ST中设,9.120,14.0,刚启动(拉升初期),8.31,70.51,-0.0732,0.087,1.285,0.9047,0.4
001360,南矿集团,18.500,23.2,刚启动(拉升初期),18.3,70.43,-0.0775,0.3181,1.4071,0.8491,0.7
301360,荣旗科技,55.460,18.9,刚启动(拉升初期),7.45,70.41,-0.2531,0.2017,1.4674,0.8779,0.7
000626,远大控股,8.000,40.3,刚启动(拉升初期),12.53,70.36,-0.0232,0.1626,1.4841,0.8105,1.0
603221,爱丽家居,27.140,65.8,刚启动(拉升初期),28.27,70.36,1.1451,1.4369,1.1755,0.918,0.0
600664,哈药股份,8.030,202.2,刚启动(拉升初期),34.56,70.35,1.4243,0.4486,1.4061,0.9122,0.4
301282,金禄电子,33.290,58.8,形态接近(观察),13.35,70.35,0.1991,0.5027,1.7015,0.8572,1.0
300464,星徽股份,6.890,24.5,刚启动(拉升初期),7.41,70.35,-0.261,0.1582,1.4196,0.8642,0.7
600327,大东方,4.080,36.1,刚启动(拉升初期),25.13,70.32,0.1271,0.1758,1.6953,0.8788,1.0
301202,朗威股份,37.740,30.0,刚启动(拉升初期),8.44,70.32,-0.0444,0.1812,1.651,0.8637,1.0
002980,华盛昌,94.070,95.3,刚启动(拉升初期),8.3,70.31,-0.0774,0.2366,1.6732,0.8662,1.0
301065,本立科技,18.980,16.4,刚启动(拉升初期),12.19,70.28,-0.1025,0.1035,1.4244,0.8688,0.7
301322,绿通科技,41.470,39.9,刚启动(拉升初期),7.77,70.15,-0.1902,0.2457,1.3266,0.8958,0.4
000831,中国稀土,58.520,621.0,刚启动(拉升初期),9.34,70.11,0.1987,0.251,1.4404,0.8575,0.7
688655,迅捷兴,40.090,53.5,刚启动(拉升初期),12.0,70.08,-0.1433,0.3128,1.4717,0.8624,0.7
300479,神思电子,14.580,28.7,刚启动(拉升初期),15.46,70.07,-0.039,0.1228,1.4369,0.8659,0.7
002812,恩捷股份,56.290,463.0,刚启动(拉升初期),7.8,70.04,-0.1847,0.0759,1.3718,0.923,0.4
603838,*ST四通,11.760,37.6,刚启动(拉升初期),19.56,70.03,0.2647,0.6643,1.7678,0.8609,1.0
688510,航亚科技,24.050,62.5,刚启动(拉升初期),8.28,69.99,-0.0806,0.2017,1.1707,0.9434,0.0
001211,双枪科技,24.120,22.5,刚启动(拉升初期),7.54,69.98,-0.2367,0.2833,1.247,0.8622,0.4
301062,上海艾录,7.040,19.4,刚启动(拉升初期),12.67,69.98,0.013,0.21,1.4324,0.8548,0.7
600593,大连圣亚,39.680,51.1,刚启动(拉升初期),14.2,69.91,0.0668,0.0959,1.4927,0.8831,0.7
688228,开普云,81.580,55.1,刚启动(拉升初期),18.2,69.91,-0.0987,0.3173,1.6024,0.9012,0.7
300920,润阳科技,33.190,28.7,刚启动(拉升初期),8.29,69.91,-0.0778,0.2155,1.5001,0.8752,0.7
300826,测绘股份,15.390,33.8,刚启动(拉升初期),9.1,69.9,0.1292,0.3238,1.3052,0.8764,0.4
688025,杰普特,415.930,395.3,刚启动(拉升初期),13.11,69.89,0.1293,0.4266,1.421,0.9073,0.4
603439,三力制药,11.980,48.4,刚启动(拉升初期),7.36,69.88,-0.27,0.1683,1.6385,0.8495,1.0
300797,钢研纳克,14.170,54.1,刚启动(拉升初期),18.63,69.88,0.0035,0.2136,1.6565,0.8517,1.0
605339,南侨食品,13.890,58.9,刚启动(拉升初期),18.46,69.83,-0.04,0.1765,1.6477,0.9256,0.7
002802,洪汇新材,12.040,18.0,刚启动(拉升初期),8.25,69.73,-0.0881,0.1628,1.6403,0.8468,1.0
603897,长城科技,29.750,61.4,刚启动(拉升初期),16.9,69.69,-0.3489,0.2211,1.625,0.8358,1.0
688793,倍轻松,20.050,17.0,刚启动(拉升初期),15.79,69.67,0.0431,0.2301,1.5311,0.8783,0.7
002033,丽江股份,8.970,49.3,刚启动(拉升初期),12.72,69.65,0.0263,0.0565,1.3433,0.9054,0.4
002105,信隆健康,5.790,21.1,刚启动(拉升初期),8.4,69.64,-0.0539,0.1353,1.0933,0.9147,0.0
300679,电连技术,50.300,180.8,刚启动(拉升初期),8.35,69.62,-0.0662,0.2825,1.7363,0.8662,1.0
601199,江南水务,6.400,59.9,刚启动(拉升初期),31.37,69.61,0.0986,0.1724,1.6061,0.9066,0.7
001326,联域股份,63.380,15.2,刚启动(拉升初期),12.63,69.59,0.0017,0.3746,1.3509,0.8801,0.4
002321,华英农业,1.990,42.3,刚启动(拉升初期),27.41,69.56,0.0051,0.0703,1.5362,0.8911,0.7
300192,科德教育,16.990,77.4,刚启动(拉升初期),27.76,69.55,0.4132,0.6168,1.707,0.9065,0.7
688317,之江生物,17.330,32.9,刚启动(拉升初期),12.0,69.55,-0.1424,0.1151,1.7038,0.8676,1.0
603186,华正新材,164.100,257.3,刚启动(拉升初期),16.86,69.5,0.3622,0.347,1.5134,0.8592,0.7
300390,天华新能,68.680,488.7,刚启动(拉升初期),7.77,69.48,-0.1905,0.2216,1.4926,0.8613,0.7
603080,新疆火炬,19.400,27.5,刚启动(拉升初期),8.01,69.44,-0.1417,0.0827,1.658,0.8525,1.0
688052,纳芯微,237.830,341.1,刚启动(拉升初期),8.64,69.43,0.0055,0.244,1.3188,0.8754,0.4
000952,广济药业,6.290,21.6,刚启动(拉升初期),12.27,69.41,-0.0845,0.1397,1.2766,0.8695,0.4
000973,佛塑科技,14.620,147.9,刚启动(拉升初期),8.6,69.33,-0.0046,0.2089,1.6923,0.8502,1.0
002689,ST远智,2.870,29.9,刚启动(拉升初期),8.06,69.33,-0.1303,0.1344,1.1076,0.9117,0.0
001400,江顺科技,81.830,37.8,刚启动(拉升初期),7.61,69.3,-0.2235,0.2317,1.612,0.821,1.0
600251,冠农股份,10.180,79.1,刚启动(拉升初期),18.79,69.26,0.0425,0.1243,1.5725,0.8159,1.0
688315,诺禾致源,15.690,65.3,刚启动(拉升初期),31.55,69.2,0.0862,0.3045,1.6174,0.8145,1.0
605180,华生科技,12.540,21.2,刚启动(拉升初期),15.18,69.2,-0.1029,0.1514,1.709,0.8574,1.0
000838,*ST发展,2.930,30.9,刚启动(拉升初期),37.35,69.2,0.6971,0.4143,1.3576,0.7947,0.7
300749,顶固集创,23.740,37.4,刚启动(拉升初期),8.82,69.18,0.0523,0.3821,1.4889,0.8403,0.7
002800,天顺股份,13.770,20.2,刚启动(拉升初期),11.66,69.13,-0.214,0.1393,1.4707,0.8524,0.7
300412,迦南科技,4.490,21.0,刚启动(拉升初期),8.43,69.1,-0.0467,0.1572,1.2991,0.8677,0.4
002562,兄弟科技,4.820,39.2,刚启动(拉升初期),18.4,69.1,-0.053,0.1157,1.768,0.8778,1.0
001205,盛航股份,14.490,24.1,刚启动(拉升初期),8.66,69.08,0.0091,0.1438,1.3938,0.9001,0.4
605003,众望布艺,22.290,24.5,刚启动(拉升初期),15.24,69.07,-0.0903,0.1576,1.3284,0.8769,0.4
605158,华达新材,7.600,38.9,刚启动(拉升初期),14.98,69.04,0.092,0.1621,1.3864,0.8951,0.4
000620,盈新发展,3.470,162.1,刚启动(拉升初期),14.71,69.02,0.2349,0.3094,1.6959,0.8359,1.0
600525,ST长园,5.850,77.1,刚启动(拉升初期),15.97,69.01,0.0928,0.2147,1.6188,0.8172,1.0
301252,同星科技,33.340,45.2,刚启动(拉升初期),8.6,68.91,-0.0042,0.2133,1.2287,0.9348,0.0
601137,博威合金,19.210,176.4,刚启动(拉升初期),8.5,68.9,-0.0293,0.1315,1.5227,0.8645,0.7
300943,春晖智控,29.710,39.9,形态接近(观察),11.51,68.89,-0.2414,0.3062,1.6455,0.8909,0.7
002942,新农股份,15.720,21.8,刚启动(拉升初期),12.23,68.87,-0.0928,0.1117,1.4513,0.8418,0.7
002986,宇新股份,13.170,39.8,刚启动(拉升初期),26.61,68.85,0.0957,0.117,1.1133,0.9033,0.0
300858,科拓生物,14.870,29.1,刚启动(拉升初期),12.31,68.83,-0.0753,0.0965,1.6744,0.8414,1.0
603269,海鸥股份,18.470,79.8,刚启动(拉升初期),9.46,68.8,0.2326,0.5722,1.1815,0.8904,0.0
300767,震安科技,18.410,44.2,刚启动(拉升初期),8.36,68.79,-0.0627,0.1997,1.8097,0.8766,1.0
301116,益客食品,9.120,40.9,刚启动(拉升初期),18.21,68.78,-0.097,0.0935,1.7384,0.8618,1.0
300602,飞荣达,43.400,174.1,刚启动(拉升初期),8.54,68.72,-0.0188,0.279,1.6403,0.8871,0.7
001278,一彬科技,15.970,13.6,刚启动(拉升初期),7.99,68.71,-0.1456,0.1474,1.1747,0.9174,0.0
301196,唯科科技,90.840,97.9,刚启动(拉升初期),12.65,68.68,0.0087,0.3149,1.5329,0.8475,0.7
300239,东宝生物,5.020,29.6,刚启动(拉升初期),8.34,68.67,-0.0685,0.0771,1.6451,0.8296,1.0
300623,捷捷微电,30.290,232.5,刚启动(拉升初期),8.24,68.65,-0.0898,0.2302,1.5508,0.8595,0.7
603127,昭衍新药,47.330,297.1,启动前(蓄势中),68.64,38.54,0.4178,0.0404,1.6819,0.777,1.0
603615,茶花股份,16.660,40.3,刚启动(拉升初期),8.05,68.64,-0.1322,0.1143,1.7305,0.8539,1.0
300936,中英科技,78.070,37.2,刚启动(拉升初期),11.54,68.64,-0.2366,0.2843,1.5999,0.8713,0.7
002274,华昌化工,5.830,54.7,刚启动(拉升初期),21.74,68.6,0.0139,0.0658,1.4715,0.8459,0.7
600616,金枫酒业,4.230,28.3,刚启动(拉升初期),12.36,68.58,-0.0621,0.0959,1.6065,0.8878,0.7
301096,百诚医药,48.030,39.9,刚启动(拉升初期),7.86,68.58,-0.1719,0.2499,1.4194,0.8871,0.4
301203,国泰环保,33.810,14.8,刚启动(拉升初期),7.59,68.56,-0.2276,0.1056,1.3801,0.886,0.4
002437,誉衡药业,4.000,84.0,形态接近(观察),38.68,68.52,0.3445,0.3958,1.8839,0.8795,1.0
688286,敏芯股份,47.470,37.2,刚启动(拉升初期),19.31,68.51,0.0319,0.1998,1.7833,0.8609,1.0
600168,武汉控股,4.410,43.8,刚启动(拉升初期),12.23,68.5,-0.0924,0.0549,1.5276,0.8632,0.7
300684,中石科技,85.520,175.0,刚启动(拉升初期),19.62,68.5,0.4784,0.8148,1.8312,0.8352,1.0
688097,博众精工,49.640,221.7,刚启动(拉升初期),7.93,68.49,-0.1575,0.1982,1.6384,0.8872,0.7
603903,中持股份,13.620,34.8,刚启动(拉升初期),35.56,68.49,0.1765,0.2132,1.4656,0.9035,0.4
688305,科德数控,61.590,81.4,刚启动(拉升初期),8.7,68.48,0.0217,0.1662,1.7471,0.851,1.0
002330,得利斯,3.980,25.3,刚启动(拉升初期),15.37,68.44,-0.0592,0.0788,1.7636,0.8632,1.0
603326,我乐家居,6.960,22.2,刚启动(拉升初期),15.17,68.44,-0.1064,0.1774,1.1337,0.8946,0.0
600379,宝光股份,14.480,47.8,刚启动(拉升初期),20.69,68.44,0.1793,0.3175,1.5011,0.8306,0.7
688313,仕佳光子,154.690,699.2,刚启动(拉升初期),12.86,68.37,0.0623,0.5478,1.2499,0.9042,0.0
688179,阿拉丁,21.020,76.1,刚启动(拉升初期),11.9,68.37,0.0391,0.2279,1.7841,0.8554,1.0
601121,宝地矿业,7.400,59.2,刚启动(拉升初期),32.28,68.37,0.1332,0.0928,1.4214,0.8961,0.4
688206,概伦电子,42.000,183.4,刚启动(拉升初期),18.96,68.33,0.1554,0.2898,1.6361,0.875,0.7
301320,豪江智能,13.350,15.2,刚启动(拉升初期),8.17,68.3,-0.1056,0.1329,1.374,0.875,0.4
301212,联盛化学,24.650,23.1,刚启动(拉升初期),11.77,68.29,-0.1918,0.2239,1.7326,0.8365,1.0
603010,万盛股份,11.560,66.0,刚启动(拉升初期),7.69,68.29,-0.2074,0.1586,1.4359,0.8932,0.4
300593,新雷能,30.060,135.3,刚启动(拉升初期),11.99,68.28,-0.1455,0.3263,1.2777,0.9267,0.0
002661,克明食品,7.870,24.3,刚启动(拉升初期),12.52,68.23,-0.0239,0.1099,1.4753,0.834,0.7
300112,万讯自控,9.470,22.5,刚启动(拉升初期),26.92,68.16,0.3048,0.4828,1.5743,0.8363,0.7
300401,花园生物,14.540,77.9,刚启动(拉升初期),14.3,68.15,0.1812,0.1764,1.5124,0.8385,0.7
600243,*ST海华,3.740,16.4,刚启动(拉升初期),8.65,68.15,0.0081,0.2215,1.4793,0.8988,0.4
301046,能辉科技,22.080,28.7,刚启动(拉升初期),7.96,68.14,-0.151,0.287,1.37,0.8569,0.4
688352,颀中科技,18.000,66.0,刚启动(拉升初期),7.91,68.09,-0.1627,0.3358,1.4503,0.8786,0.4
001333,光华股份,20.720,26.5,刚启动(拉升初期),8.34,68.07,-0.0683,0.1759,1.6354,0.8026,1.0
688114,华大智造,72.320,300.6,刚启动(拉升初期),40.97,68.05,0.4847,0.5215,1.7031,0.7989,1.0
300669,沪宁股份,23.680,43.2,刚启动(拉升初期),7.78,68.05,-0.1893,0.1607,1.8107,0.8617,1.0
600807,济高发展,2.580,20.3,刚启动(拉升初期),8.4,68.04,-0.0542,0.1008,1.3496,0.8631,0.4
300243,瑞丰高材,16.050,35.9,形态接近(观察),8.06,68.03,-0.1311,0.2547,1.8152,0.8551,1.0
000911,*ST广糖,5.060,20.3,刚启动(拉升初期),12.07,68.01,-0.128,0.2029,1.6188,0.7932,1.0
603156,养元饮品,47.730,601.5,形态接近(观察),27.71,67.95,0.1661,0.2984,1.6507,0.8699,0.7
301111,粤万年青,21.110,33.8,刚启动(拉升初期),7.66,67.92,-0.2134,0.1733,1.7551,0.839,1.0
300306,远方信息,10.100,15.9,刚启动(拉升初期),12.28,67.89,-0.0818,0.121,1.1988,0.9074,0.0
301003,江苏博云,56.100,42.2,刚启动(拉升初期),8.96,67.89,0.0902,0.1927,1.5578,0.8459,0.7
000668,荣丰控股,22.630,33.2,刚启动(拉升初期),17.97,67.87,0.2452,0.2276,1.5713,0.8468,0.7
603079,圣达生物,12.720,24.0,形态接近(观察),18.18,67.84,-0.1034,0.2074,1.6882,0.9117,0.6
000586,汇源通信,12.780,24.4,刚启动(拉升初期),7.92,67.81,-0.1603,0.2125,1.2021,0.8987,0.0
603329,上海雅仕,10.510,21.7,刚启动(拉升初期),8.45,67.78,-0.0414,0.1325,1.1919,0.9013,0.0
603356,华菱精工,16.720,22.3,刚启动(拉升初期),8.14,67.74,-0.1121,0.1733,1.2456,0.9146,0.0
300967,晓鸣股份,15.960,19.9,刚启动(拉升初期),7.52,67.7,-0.2402,0.1029,1.721,0.8283,1.0
603289,泰瑞机器,8.720,25.6,刚启动(拉升初期),7.89,67.69,-0.167,0.1207,1.7557,0.838,1.0
301507,民生健康,12.650,13.9,刚启动(拉升初期),15.7,67.67,-0.0255,0.0693,1.7961,0.8558,1.0
002909,集泰股份,5.170,19.7,刚启动(拉升初期),8.04,67.65,-0.134,0.1142,1.4168,0.8747,0.4
600222,太龙药业,7.620,42.6,形态接近(观察),8.64,67.62,0.0064,0.098,1.7986,0.8526,1.0
002660,茂硕电源,7.360,25.5,刚启动(拉升初期),8.3,67.61,-0.0775,0.1752,1.1742,0.8875,0.0
301060,兰卫医学,11.310,40.7,刚启动(拉升初期),32.97,67.61,0.176,0.34,1.6887,0.8959,0.6
688733,壹石通,30.240,60.4,刚启动(拉升初期),7.95,67.59,-0.1538,0.206,1.7251,0.8931,0.7
301081,严牌股份,13.990,31.4,刚启动(拉升初期),7.25,67.57,-0.2892,0.3098,1.7889,0.8306,1.0
300838,浙江力诺,13.740,14.0,刚启动(拉升初期),7.63,67.56,-0.2196,0.1667,1.4558,0.8807,0.4
603396,金辰股份,25.710,35.6,刚启动(拉升初期),11.79,67.55,-0.1869,0.1157,1.7854,0.8448,1.0
301183,东田微,244.270,143.4,刚启动(拉升初期),13.06,67.49,0.1172,0.5035,1.7332,0.8711,0.7
600448,华纺股份,2.910,18.3,刚启动(拉升初期),8.55,67.48,-0.0167,0.1903,1.2625,0.9124,0.0
301383,天键股份,22.050,15.6,刚启动(拉升初期),7.71,67.47,-0.204,0.073,1.6287,0.8696,0.7
603276,恒兴新材,15.940,12.0,刚启动(拉升初期),8.49,67.34,-0.031,0.0814,1.3856,0.8594,0.4
603916,苏博特,11.440,48.1,刚启动(拉升初期),7.92,67.34,-0.1594,0.2068,1.6467,0.8606,0.7
000826,*ST启环,1.920,27.4,刚启动(拉升初期),14.93,67.34,-0.1579,0.3813,1.494,0.871,0.4
000663,永安林业,5.610,17.2,刚启动(拉升初期),8.19,67.33,-0.1027,0.1293,1.411,0.8633,0.4
600333,长春燃气,6.190,37.7,刚启动(拉升初期),18.85,67.32,0.1208,0.1051,1.1399,0.8748,0.0
600405,动力源,4.500,27.6,刚启动(拉升初期),8.45,67.29,-0.0418,0.1744,1.6126,0.8507,0.7
300610,晨化股份,10.260,17.0,刚启动(拉升初期),8.32,67.29,-0.0723,0.1541,1.2175,0.8956,0.0
300275,梅安森,8.940,24.3,刚启动(拉升初期),8.27,67.28,-0.0831,0.1288,1.4561,0.877,0.4
688217,睿昂基因,24.080,13.5,刚启动(拉升初期),12.32,67.27,-0.0715,0.245,1.3893,0.8448,0.4
688701,卓锦股份,8.370,11.2,刚启动(拉升初期),7.98,67.24,-0.1468,0.2682,1.262,0.8998,0.0
301266,宇邦新材,23.030,31.2,刚启动(拉升初期),8.15,67.22,-0.1115,0.2083,1.6141,0.8466,0.7
003008,开普检测,19.330,15.5,刚启动(拉升初期),8.48,67.18,-0.0345,0.1432,1.2457,0.9033,0.0
300709,精研科技,40.070,60.0,刚启动(拉升初期),8.19,67.12,-0.1018,0.1598,1.6553,0.8619,0.7
002863,今飞凯达,4.630,27.8,刚启动(拉升初期),18.19,67.1,-0.1008,0.0995,1.9301,0.8832,1.0
603506,南都物业,10.750,20.2,刚启动(拉升初期),18.28,67.09,-0.082,0.1687,1.732,0.811,1.0
301331,恩威医药,22.040,22.6,刚启动(拉升初期),8.1,67.07,-0.1217,0.1016,1.4857,0.8842,0.4
002086,东方海洋,1.970,31.2,刚启动(拉升初期),22.75,67.05,0.0207,0.113,1.8181,0.8435,1.0
600682,南京新百,5.540,64.5,刚启动(拉升初期),8.55,67.02,-0.0174,0.0404,1.9056,0.8786,1.0
000953,中哲精化,6.190,22.7,刚启动(拉升初期),12.37,67.02,-0.0592,0.1654,1.3972,0.848,0.4
002497,雅化集团,19.870,210.5,刚启动(拉升初期),7.99,66.95,-0.1456,0.1383,1.229,0.8923,0.0
688392,骄成超声,196.280,227.2,刚启动(拉升初期),24.68,66.95,0.3217,0.4017,1.743,0.8679,0.7
002960,青鸟智控,8.360,81.0,刚启动(拉升初期),8.65,66.95,0.0072,0.0872,1.4968,0.8863,0.4
301156,美农生物,11.410,13.5,刚启动(拉升初期),17.84,66.91,-0.178,0.1121,1.8016,0.8346,1.0
688448,磁谷科技,65.570,63.9,刚启动(拉升初期),9.59,66.9,0.2743,0.3285,1.7353,0.8695,0.7
002768,国恩股份,63.520,160.2,刚启动(拉升初期),34.49,66.89,0.4855,0.3418,1.3148,0.9029,0.0
688677,海泰新光,83.200,99.7,形态接近(观察),16.45,66.88,-0.4186,0.2553,1.888,0.8505,1.0
603089,正裕工业,10.530,25.3,刚启动(拉升初期),18.62,66.85,-0.0009,0.3,1.6579,0.8695,0.6
300319,麦捷科技,17.800,151.5,刚启动(拉升初期),9.22,66.74,0.162,0.2079,1.6816,0.8569,0.7
300548,长芯博创,203.400,598.4,刚启动(拉升初期),12.37,66.71,-0.0614,0.3923,1.3699,0.9131,0.0
301015,百洋医药,25.000,131.4,刚启动(拉升初期),41.31,66.63,0.1471,0.0766,1.9139,0.8683,1.0
002815,崇达技术,13.290,103.3,刚启动(拉升初期),7.74,66.62,-0.1972,0.1635,1.6865,0.8595,0.7
002700,万憬能源,6.250,13.4,刚启动(拉升初期),7.82,66.6,-0.1812,0.1002,1.3286,0.9202,0.0
300842,帝科股份,61.470,79.4,刚启动(拉升初期),7.46,66.59,-0.2508,0.1656,1.587,0.9004,0.4
688378,奥来德,43.950,105.9,形态接近(观察),8.94,66.54,0.083,0.2035,1.9329,0.8611,1.0
688301,奕瑞科技,98.480,308.6,刚启动(拉升初期),7.44,66.5,-0.2545,0.1427,1.4648,0.8594,0.4
603002,宏昌电子,15.730,178.4,刚启动(拉升初期),8.3,66.44,-0.0761,0.1854,1.6903,0.8543,0.7
301127,武汉天源,17.870,116.9,刚启动(拉升初期),37.38,66.4,0.2651,0.2898,1.7028,0.8489,0.7
688136,科兴制药,21.990,44.4,刚启动(拉升初期),24.63,66.4,0.0612,0.2501,1.7465,0.7917,1.0
688755,汉邦科技,27.390,21.9,刚启动(拉升初期),12.34,66.28,-0.067,0.2047,1.658,0.8379,0.7
002647,仁东控股,12.200,123.9,刚启动(拉升初期),12.43,66.27,-0.0453,0.2769,1.6254,0.8961,0.4
600665,天地源,3.400,29.4,刚启动(拉升初期),8.85,66.26,0.0585,0.2555,1.4374,0.8349,0.4
301486,致尚科技,169.730,123.7,刚启动(拉升初期),11.47,66.25,-0.2505,0.2427,1.5777,0.8823,0.4
300823,建科智能,14.980,12.7,刚启动(拉升初期),8.05,66.18,-0.1318,0.135,1.2735,0.8883,0.0
600459,贵研铂业,21.350,162.2,刚启动(拉升初期),8.69,66.17,0.0177,0.2016,1.7666,0.7966,1.0
002811,郑中设计,13.240,37.4,刚启动(拉升初期),19.02,66.1,0.106,0.3777,1.8174,0.7982,1.0
600495,晋西车轴,4.030,48.7,刚启动(拉升初期),15.53,66.1,-0.0217,0.0547,1.8555,0.8375,1.0
301529,福赛科技,110.980,70.5,刚启动(拉升初期),12.68,66.1,0.0157,0.3655,1.9729,0.8509,1.0
001336,楚环科技,18.380,11.8,刚启动(拉升初期),8.1,66.1,-0.1222,0.162,1.2927,0.8903,0.0
600235,民丰特纸,5.690,20.0,刚启动(拉升初期),8.46,66.1,-0.0401,0.1344,1.3137,0.8998,0.0
300808,久量股份,19.800,23.5,刚启动(拉升初期),7.85,66.08,-0.1744,0.1499,1.4793,0.8529,0.4
600620,天宸股份,4.330,29.7,刚启动(拉升初期),8.26,66.07,-0.0858,0.1091,1.5189,0.8697,0.4
600212,绿能慧充,5.800,30.8,刚启动(拉升初期),8.21,66.05,-0.0978,0.1238,1.4884,0.8576,0.4
000637,茂化实华,3.980,14.5,刚启动(拉升初期),8.17,66.04,-0.1056,0.1275,1.2574,0.8802,0.0
300985,致远新能,38.860,72.5,刚启动(拉升初期),36.91,65.98,0.6337,0.2292,1.7877,0.8716,0.7
301607,富特科技,43.950,66.7,刚启动(拉升初期),19.63,65.96,0.1674,0.2949,1.3566,0.8972,0.0
002821,凯莱英,160.600,509.2,启动前(蓄势中),65.94,40.51,0.4085,0.0212,1.6117,0.836,0.4
603112,华翔股份,16.300,87.1,刚启动(拉升初期),7.51,65.94,-0.2421,0.1499,1.7811,0.8003,1.0
688553,汇宇制药,12.130,61.5,刚启动(拉升初期),30.06,65.93,0.0407,0.1831,1.6324,0.8224,0.7
002581,*ST未名,5.480,22.0,刚启动(拉升初期),16.45,65.91,0.2302,0.6172,1.9422,0.8189,1.0
600272,开开实业,17.190,27.5,形态接近(观察),21.58,65.9,0.4537,0.6113,1.7604,0.8584,0.6
600692,亚通股份,6.250,15.9,刚启动(拉升初期),12.32,65.89,-0.0722,0.1581,1.5934,0.8856,0.4
603009,北特科技,44.060,152.6,刚启动(拉升初期),8.3,65.89,-0.0768,0.1408,1.7289,0.8573,0.7
002122,ST汇洲,2.710,53.9,刚启动(拉升初期),8.49,65.86,-0.032,0.1525,1.4484,0.8369,0.4
688583,思看科技,82.750,35.7,刚启动(拉升初期),12.48,65.86,-0.0343,0.1132,1.9648,0.8625,1.0
600738,丽尚国潮,4.030,30.7,刚启动(拉升初期),15.26,65.83,-0.0868,0.087,1.8356,0.8212,1.0
600526,菲达环保,4.700,41.0,刚启动(拉升初期),12.49,65.82,-0.0315,0.0898,1.6254,0.8257,0.7
603052,可川科技,57.160,107.4,刚启动(拉升初期),6.89,65.81,-0.3509,0.1426,1.9485,0.8532,1.0
600689,上海三毛,10.650,16.2,刚启动(拉升初期),8.33,65.81,-0.0706,0.1491,1.3127,0.8907,0.0
688083,中望软件,51.580,87.5,刚启动(拉升初期),8.26,65.8,-0.0862,0.1792,1.8592,0.8952,0.7
002825,纳尔股份,8.840,22.7,刚启动(拉升初期),12.03,65.8,-0.1369,0.1497,1.5249,0.8612,0.4
600969,郴电国际,8.640,32.0,刚启动(拉升初期),7.38,65.74,-0.2663,0.0743,1.584,0.8861,0.4
002637,赞宇科技,11.500,53.4,刚启动(拉升初期),8.49,65.74,-0.0317,0.2065,1.7758,0.7886,1.0
603236,移远通信,57.650,233.7,刚启动(拉升初期),15.92,65.74,0.0792,0.178,1.9487,0.8486,1.0
603703,盛洋科技,9.460,39.3,刚启动(拉升初期),7.52,65.68,-0.2404,0.1079,2.0296,0.8802,1.0
002513,蓝丰生化,5.290,15.3,刚启动(拉升初期),8.16,65.66,-0.1079,0.145,1.2978,0.8825,0.0
603290,斯达半导,96.790,231.8,刚启动(拉升初期),7.87,65.66,-0.17,0.1889,1.7761,0.788,1.0
603109,神驰机电,17.560,36.7,刚启动(拉升初期),8.25,65.6,-0.087,0.09,1.3269,0.8955,0.0
002193,ST如意,4.660,12.2,刚启动(拉升初期),12.35,65.57,-0.0641,0.242,1.4319,0.8168,0.4
605005,合兴股份,15.720,63.0,刚启动(拉升初期),8.42,65.56,-0.0495,0.0767,1.5147,0.8584,0.4
603042,华脉科技,13.570,28.3,刚启动(拉升初期),8.27,65.54,-0.0827,0.2007,1.3584,0.8949,0.0
000925,众合科技,8.970,60.2,刚启动(拉升初期),9.19,65.53,0.1522,0.2796,1.8072,0.8628,0.7
000816,智慧农业,2.760,39.7,刚启动(拉升初期),14.54,65.48,-0.0036,0.0827,1.8066,0.8782,0.7
000026,飞亚达,20.130,73.4,形态接近(观察),12.13,65.47,-0.1151,0.2623,1.6552,0.8871,0.4
301515,港通医疗,19.110,12.9,刚启动(拉升初期),8.09,65.44,-0.1239,0.1362,1.3028,0.8795,0.0
001313,粤海饲料,7.640,53.4,刚启动(拉升初期),16.32,65.43,-0.085,0.093,2.0249,0.8738,1.0
002370,亚太药业,5.490,40.9,刚启动(拉升初期),17.2,65.37,-0.0789,0.1485,1.8629,0.8133,1.0
688073,毕得医药,67.550,61.4,形态接近(观察),41.02,65.35,0.3848,0.4498,1.8351,0.7802,1.0
001356,富岭股份,9.130,19.3,刚启动(拉升初期),18.2,65.34,-0.0993,0.0972,2.005,0.8645,1.0
002443,金洲管道,9.260,48.2,刚启动(拉升初期),7.7,65.33,-0.2062,0.1792,1.6844,0.8251,0.7
603116,红蜻蜓,6.390,36.8,刚启动(拉升初期),8.21,65.33,-0.0976,0.2015,1.3645,0.8916,0.0
002976,瑞玛精密,23.440,28.5,刚启动(拉升初期),7.99,65.27,-0.1457,0.2321,1.5435,0.8474,0.4
002322,理工能科,11.750,41.3,刚启动(拉升初期),18.65,65.27,0.0086,0.156,1.7318,0.8664,0.6
002810,山东赫达,21.070,68.1,刚启动(拉升初期),8.2,65.25,-0.0999,0.0859,1.544,0.8595,0.4
600287,苏豪时尚,4.770,20.8,刚启动(拉升初期),8.37,65.24,-0.0607,0.1374,1.3425,0.8876,0.0
300194,福安药业,3.890,37.7,刚启动(拉升初期),32.57,65.23,0.0,0.0627,1.8851,0.8251,1.0
603797,联泰环保,4.700,27.1,刚启动(拉升初期),19.65,65.21,0.0241,0.2219,1.9197,0.822,1.0
688779,五矿新能,8.130,156.8,刚启动(拉升初期),8.26,65.19,-0.0855,0.12,1.7261,0.8406,0.7
000590,古汉医药,9.110,21.8,刚启动(拉升初期),8.08,65.19,-0.1255,0.13,1.8163,0.795,1.0
603810,丰山集团,12.150,20.1,刚启动(拉升初期),8.1,65.15,-0.122,0.1309,1.3526,0.8892,0.0
688203,海正生材,11.560,23.4,刚启动(拉升初期),18.35,65.14,-0.0655,0.2902,1.5837,0.8528,0.4
600202,哈空调,5.020,19.2,刚启动(拉升初期),8.33,65.12,-0.07,0.1451,1.353,0.8874,0.0
688517,金冠电气,15.780,21.6,刚启动(拉升初期),7.34,65.12,-0.273,0.089,1.9981,0.8574,1.0
300131,英唐智控,16.850,179.1,刚启动(拉升初期),8.67,65.11,0.0137,0.2123,1.6104,0.8673,0.4
002306,ST云网,2.060,16.7,刚启动(拉升初期),8.56,65.11,-0.0144,0.2047,1.9368,0.8268,1.0
600359,新农开发,6.460,24.6,刚启动(拉升初期),18.75,65.1,0.0331,0.1652,1.7422,0.7649,1.0
002326,永太科技,20.080,163.0,刚启动(拉升初期),8.38,65.1,-0.058,0.088,1.7714,0.8565,0.7
300382,斯莱克,17.780,115.3,刚启动(拉升初期),13.88,65.08,0.1299,0.2837,1.8663,0.8711,0.7
603898,好莱客,11.130,33.4,刚启动(拉升初期),8.11,65.08,-0.1186,0.0723,1.6186,0.8815,0.4
300871,回盛生物,22.530,45.5,刚启动(拉升初期),26.02,65.07,0.0688,0.0755,1.8863,0.8201,1.0
003011,海象新材,20.170,15.5,刚启动(拉升初期),8.38,65.05,-0.0589,0.1787,1.359,0.8847,0.0
603061,金海通,346.860,301.8,刚启动(拉升初期),26.36,65.01,0.2077,0.2546,1.575,0.8494,0.4
688380,中微半导,41.850,167.6,刚启动(拉升初期),8.51,64.98,-0.026,0.1652,2.0244,0.856,1.0
603626,科森科技,19.240,106.8,刚启动(拉升初期),14.84,64.94,-0.1767,0.4846,1.8485,0.8472,0.7
000529,广弘控股,4.900,27.9,刚启动(拉升初期),8.42,64.92,-0.0486,0.0724,1.6107,0.8749,0.4
301335,天元宠物,24.400,21.6,刚启动(拉升初期),18.79,64.9,0.0444,0.2134,1.8212,0.7821,1.0
300227,光韵达,11.710,53.4,刚启动(拉升初期),8.87,64.9,0.0645,0.4138,1.5818,0.8369,0.4
301557,常友科技,86.000,21.4,刚启动(拉升初期),8.47,64.88,-0.037,0.1879,1.5912,0.857,0.4
300932,三友联众,10.310,32.9,刚启动(拉升初期),22.57,64.88,0.0358,0.1816,1.467,0.9162,0.0
002247,聚力文化,2.370,15.2,刚启动(拉升初期),8.14,64.87,-0.1128,0.1456,1.3281,0.8728,0.0
688653,康希通信,15.410,48.8,刚启动(拉升初期),8.96,64.84,0.089,0.4348,1.543,0.8212,0.4
600722,金牛化工,15.240,103.7,刚启动(拉升初期),21.84,64.82,0.3698,0.3751,1.9021,0.7947,1.0
603168,莎普爱思,5.560,20.7,刚启动(拉升初期),8.35,64.81,-0.064,0.1076,1.5258,0.8406,0.4
300691,联合光电,14.210,31.4,刚启动(拉升初期),8.12,64.79,-0.118,0.127,1.4476,0.9121,0.0
002790,瑞尔特,5.870,15.3,刚启动(拉升初期),12.18,64.77,-0.1031,0.0771,1.5562,0.8524,0.4
002081,金 螳 螂,4.760,125.9,形态接近(观察),11.3,64.74,-0.2812,0.306,1.8496,0.8803,0.6
300155,安居宝,4.310,14.2,刚启动(拉升初期),15.03,64.73,-0.1365,0.1198,1.9385,0.8249,1.0
600238,ST椰岛,5.010,22.3,刚启动(拉升初期),15.63,64.72,0.002,0.2974,1.621,0.8542,0.4
300877,金春股份,27.770,33.3,刚启动(拉升初期),7.99,64.72,-0.146,0.2806,1.8434,0.7797,1.0
688433,华曙高科,107.220,445.6,刚启动(拉升初期),9.34,64.66,0.1976,0.4678,1.8895,0.7798,1.0
300314,戴维医疗,12.460,17.9,形态接近(观察),28.23,64.65,0.2021,0.3141,1.8562,0.8794,0.6
002762,金发拉比,10.050,21.2,刚启动(拉升初期),21.78,64.65,0.0853,0.2657,1.7399,0.8194,0.7
688619,罗普特,14.560,27.0,刚启动(拉升初期),7.89,64.64,-0.1669,0.2081,1.5712,0.8428,0.4
603280,南方路机,26.220,28.4,刚启动(拉升初期),18.15,64.62,-0.1105,0.0952,2.0327,0.8559,1.0
000788,北大医药,5.530,33.0,刚启动(拉升初期),29.28,64.6,0.0018,0.0695,1.9642,0.8349,1.0
002982,湘佳股份,12.190,15.9,刚启动(拉升初期),8.23,64.59,-0.093,0.074,1.6058,0.8648,0.4
600980,北矿科技,19.900,37.7,刚启动(拉升初期),12.46,64.57,-0.0384,0.1546,1.2095,0.8251,0.0
301113,雅艺科技,16.470,11.8,刚启动(拉升初期),8.1,64.56,-0.1221,0.1806,1.3446,0.8675,0.0
603655,朗博科技,31.950,33.9,刚启动(拉升初期),14.93,64.55,-0.1578,0.3061,1.6249,0.8506,0.4
300639,凯普生物,5.990,37.7,刚启动(拉升初期),29.29,64.55,0.0309,0.083,1.6278,0.7953,0.7
603909,建发合诚,9.520,24.8,刚启动(拉升初期),8.21,64.53,-0.0976,0.1525,1.3773,0.8801,0.0
300373,扬杰科技,101.780,551.8,刚启动(拉升初期),8.74,64.49,0.0311,0.2068,1.5786,0.8416,0.4
301348,蓝箭电子,20.520,39.7,刚启动(拉升初期),7.78,64.48,-0.1887,0.1369,1.8616,0.8667,0.7
688718,唯赛勃,14.070,24.4,刚启动(拉升初期),8.09,64.48,-0.1234,0.1795,1.3369,0.8631,0.0
301290,东星医疗,28.290,22.5,刚启动(拉升初期),8.23,64.47,-0.0935,0.0946,1.7145,0.821,0.7
600195,中牧股份,6.660,68.0,刚启动(拉升初期),12.69,64.46,0.0167,0.0584,1.631,0.7963,0.7
603036,如通股份,15.180,31.3,刚启动(拉升初期),13.01,64.43,0.1016,0.2875,1.9699,0.8141,1.0
300093,金刚光伏,24.740,57.1,刚启动(拉升初期),16.12,64.43,0.133,0.1564,2.0225,0.8423,1.0
300685,艾德生物,18.560,72.3,刚启动(拉升初期),8.65,64.41,0.0087,0.1014,1.7958,0.771,1.0
600149,廊坊发展,4.870,18.5,刚启动(拉升初期),8.0,64.4,-0.1436,0.1149,1.6336,0.8656,0.4
003003,天元股份,10.990,12.9,刚启动(拉升初期),8.2,64.39,-0.0987,0.1366,1.3885,0.8818,0.0
600854,春兰股份,4.520,23.5,刚启动(拉升初期),8.25,64.37,-0.0882,0.099,1.623,0.8626,0.4
001379,腾达科技,15.880,10.7,刚启动(拉升初期),11.86,64.31,-0.1728,0.0812,1.8034,0.848,0.7
301550,斯菱智驱,86.620,177.8,刚启动(拉升初期),11.75,64.3,-0.195,0.2338,1.9817,0.8188,1.0
600400,红豆股份,3.010,69.0,刚启动(拉升初期),22.02,64.3,0.0756,0.1723,1.7185,0.8113,0.7
002303,美盈森,4.630,49.4,启动前(蓄势中),64.3,18.71,0.4091,0.0153,1.7944,0.7809,0.7
300439,美康生物,9.170,26.8,刚启动(拉升初期),21.76,64.24,-0.0072,0.1032,1.7192,0.8162,0.7
002805,丰元股份,19.830,55.3,刚启动(拉升初期),8.3,64.24,-0.0756,0.162,1.3371,0.8586,0.0
688247,宣泰医药,9.430,42.7,刚启动(拉升初期),46.12,64.24,0.0827,0.128,1.9846,0.8274,1.0
002903,宇环数控,32.320,34.8,刚启动(拉升初期),17.82,64.22,-0.1807,0.4048,1.8101,0.8218,0.7
002313,日海智能,8.750,32.8,刚启动(拉升初期),12.46,64.22,-0.0383,0.1314,1.8942,0.7965,1.0
600629,华建集团,16.480,189.5,刚启动(拉升初期),18.37,64.22,-0.0595,0.3595,1.6153,0.8351,0.4
600159,大龙地产,2.500,20.8,刚启动(拉升初期),8.27,64.2,-0.083,0.1239,1.4974,0.8145,0.4
603385,惠达卫浴,5.480,20.9,刚启动(拉升初期),8.24,64.2,-0.0912,0.1561,1.3801,0.8724,0.0
300316,晶盛机电,42.860,527.8,刚启动(拉升初期),8.22,64.2,-0.0959,0.1201,1.4652,0.9041,0.0
001255,博菲电气,25.850,20.0,刚启动(拉升初期),7.79,64.19,-0.1865,0.1473,1.4431,0.8939,0.0
688112,鼎阳科技,69.280,110.6,刚启动(拉升初期),8.96,64.18,0.0881,0.4681,1.9474,0.7872,1.0
301132,满坤科技,35.390,33.5,刚启动(拉升初期),8.24,64.17,-0.0915,0.2732,1.4472,0.8844,0.0
688105,诺唯赞,23.060,119.2,刚启动(拉升初期),47.48,64.14,0.5968,0.2847,1.7925,0.7479,1.0
002188,中天服务,5.400,13.9,刚启动(拉升初期),8.03,64.14,-0.1376,0.1769,1.6608,0.8627,0.4
603648,畅联股份,9.480,34.4,刚启动(拉升初期),25.57,64.13,0.0557,0.1367,1.5737,0.8369,0.4
688211,中科微至,30.710,40.3,刚启动(拉升初期),8.19,64.12,-0.1027,0.0989,1.6316,0.8592,0.4
002678,珠江钢琴,4.810,65.3,刚启动(拉升初期),7.7,64.09,-0.2059,0.1395,1.9544,0.8126,1.0
300942,易瑞生物,7.030,28.5,刚启动(拉升初期),14.85,64.09,0.0153,0.1911,1.7356,0.8103,0.7
000715,中兴商业,5.060,24.6,刚启动(拉升初期),15.5,64.08,-0.0297,0.1,2.0335,0.8423,1.0
600683,京投发展,9.980,73.9,形态接近(观察),16.95,64.05,-0.3414,0.2104,2.0033,0.822,1.0
603087,甘李药业,66.430,372.9,启动前(蓄势中),64.05,34.57,0.2612,0.0294,1.8746,0.8125,0.7
002913,奥士康,59.350,181.3,刚启动(拉升初期),8.91,64.02,0.0752,0.4052,1.4073,0.8576,0.0
688329,艾隆科技,20.360,15.7,刚启动(拉升初期),7.98,64.01,-0.1468,0.2486,1.4304,0.8768,0.0
002289,宇顺电子,40.030,109.9,刚启动(拉升初期),15.35,63.97,-0.0661,0.2266,1.6317,0.8447,0.4
603908,牧高笛,18.890,17.6,刚启动(拉升初期),8.07,63.96,-0.1275,0.1333,1.3805,0.8686,0.0
300725,药石科技,48.920,99.2,刚启动(拉升初期),44.98,63.92,0.4058,0.308,1.7773,0.8105,0.7
600198,大唐电信,8.030,104.5,刚启动(拉升初期),8.34,63.89,-0.0663,0.1001,2.0207,0.8333,1.0
688307,中润光学,48.880,60.7,刚启动(拉升初期),7.36,63.86,-0.2706,0.1927,1.6904,0.8642,0.4
601700,风范股份,7.710,87.8,刚启动(拉升初期),18.79,63.85,0.3103,0.4248,1.9332,0.7771,1.0
603159,上海亚虹,21.950,30.7,刚启动(拉升初期),7.59,63.84,-0.2266,0.195,1.58,0.8269,0.4
300030,阳普医疗,6.760,18.4,刚启动(拉升初期),12.43,63.82,-0.0451,0.1062,1.7098,0.8023,0.7
600622,光大嘉宝,2.210,33.1,刚启动(拉升初期),7.95,63.79,-0.1536,0.1188,1.5176,0.8112,0.4
600330,天通股份,26.800,330.6,刚启动(拉升初期),7.89,63.79,-0.1668,0.3913,1.7819,0.8026,0.7
300046,台基股份,24.830,58.7,刚启动(拉升初期),7.75,63.78,-0.1962,0.1089,2.0312,0.8332,1.0
300434,金石亚药,11.410,39.2,刚启动(拉升初期),44.8,63.76,0.1465,0.1282,1.9834,0.815,1.0
301251,威尔高,48.690,36.8,刚启动(拉升初期),12.5,63.75,-0.0287,0.6354,1.6785,0.8258,0.4
002245,蔚蓝锂芯,18.240,293.5,刚启动(拉升初期),8.19,63.74,-0.1006,0.1357,1.4606,0.8894,0.0
300811,铂科新材,74.870,250.6,刚启动(拉升初期),8.23,63.74,-0.0919,0.2554,1.5082,0.8953,0.0
603303,得邦照明,23.100,110.2,刚启动(拉升初期),8.16,63.72,-0.1081,0.2391,1.3443,0.8415,0.0
600624,ST复华,4.050,27.5,刚启动(拉升初期),8.48,63.7,-0.0333,0.1309,1.4581,0.8883,0.0
002989,中天精装,23.980,47.4,刚启动(拉升初期),7.98,63.69,-0.1469,0.1724,1.7129,0.8693,0.4
300387,富邦科技,7.210,20.8,刚启动(拉升初期),12.22,63.67,-0.0942,0.0697,2.0408,0.8372,1.0
603937,丽岛新材,11.660,24.4,刚启动(拉升初期),7.61,63.66,-0.2234,0.1703,1.3911,0.8613,0.0
301366,一博科技,55.600,65.0,刚启动(拉升初期),9.72,63.64,0.3161,0.4564,1.4609,0.8624,0.0
688388,嘉元科技,29.490,194.6,刚启动(拉升初期),8.35,63.53,-0.0657,0.244,1.4431,0.8695,0.0
600126,杭钢股份,6.940,234.4,刚启动(拉升初期),18.03,63.52,-0.1363,0.0989,1.88,0.8521,0.7
688035,德邦科技,66.140,94.1,刚启动(拉升初期),8.08,63.49,-0.1255,0.1395,2.0574,0.832,1.0
600847,万里股份,12.490,19.1,刚启动(拉升初期),8.12,63.49,-0.1163,0.1444,1.4512,0.8795,0.0
300514,友讯达,9.810,15.7,刚启动(拉升初期),8.07,63.48,-0.1279,0.1274,1.4598,0.8835,0.0
000790,华神科技,4.010,25.0,刚启动(拉升初期),19.65,63.48,0.0152,0.0836,1.6151,0.8392,0.4
603321,梅轮电梯,6.270,21.6,刚启动(拉升初期),8.27,63.47,-0.0847,0.0923,1.4212,0.8737,0.0
300566,激智科技,28.170,63.9,刚启动(拉升初期),11.57,63.47,0.2341,0.1614,1.8494,0.8352,0.7
601886,江河集团,13.430,152.2,刚启动(拉升初期),26.19,63.46,0.5186,0.5793,2.006,0.8815,0.6
688576,西山科技,40.500,13.1,刚启动(拉升初期),7.94,63.46,-0.1554,0.1145,1.4453,0.8795,0.0
603818,曲美家居,3.710,25.5,刚启动(拉升初期),31.2,63.43,0.1175,0.1558,1.3881,0.8558,0.0
688108,赛诺医疗,17.930,74.9,刚启动(拉升初期),7.9,63.43,-0.1635,0.1438,1.6824,0.8551,0.4
600479,千金药业,9.700,40.6,刚启动(拉升初期),12.37,63.42,-0.0597,0.0241,2.0935,0.8527,1.0
002774,快意电梯,15.850,44.7,启动前(蓄势中),63.41,41.7,0.3245,0.0383,2.1914,0.8221,1.0
301512,智信精密,30.880,15.0,刚启动(拉升初期),7.78,63.39,-0.1897,0.1234,1.4704,0.8852,0.0
002626,金达威,16.570,101.1,刚启动(拉升初期),30.07,63.38,0.1112,0.2364,1.7319,0.7875,0.7
301279,金道科技,20.540,26.8,刚启动(拉升初期),8.17,63.35,-0.1068,0.2477,1.3912,0.8473,0.0
003004,声迅股份,71.800,49.4,刚启动(拉升初期),19.54,63.33,0.0895,0.1957,1.5067,0.8894,0.0
002767,先锋电子,18.030,23.5,刚启动(拉升初期),8.67,63.3,0.0136,0.1613,1.4758,0.8815,0.0
603175,超颖电子,90.610,41.2,刚启动(拉升初期),8.8,63.28,0.0461,0.1823,1.4904,0.884,0.0
603879,永悦科技,5.610,20.2,刚启动(拉升初期),15.91,63.27,0.075,0.2022,1.3901,0.8487,0.0
000628,高新发展,46.270,88.9,刚启动(拉升初期),7.83,63.27,-0.178,0.2573,2.0373,0.81,1.0
002817,黄山胶囊,6.560,19.0,刚启动(拉升初期),8.26,63.26,-0.0865,0.1083,1.4276,0.869,0.0
600395,盘江股份,5.370,115.3,刚启动(拉升初期),8.51,63.25,-0.0267,0.1495,1.6309,0.8329,0.4
301286,侨源股份,41.920,67.6,刚启动(拉升初期),7.72,63.24,-0.2015,0.1382,1.7086,0.8596,0.4
600351,亚宝药业,6.740,46.6,刚启动(拉升初期),37.81,63.23,0.0802,0.0489,1.9427,0.8705,0.7
603015,弘讯科技,10.650,43.0,刚启动(拉升初期),8.45,63.2,-0.0405,0.1139,1.8829,0.8439,0.7
300189,神农种业,5.650,50.1,刚启动(拉升初期),18.9,63.2,0.0725,0.307,1.8294,0.7349,1.0
601118,海南橡胶,6.020,257.6,刚启动(拉升初期),15.47,63.2,-0.0361,0.2893,1.9687,0.7827,1.0
300700,岱勒新材,18.650,66.3,刚启动(拉升初期),8.61,63.19,-0.0032,0.3118,1.5106,0.878,0.0
301359,东南电子,16.740,11.9,刚启动(拉升初期),7.66,63.19,-0.2127,0.1385,1.4613,0.8759,0.0
002240,盛新锂能,34.500,315.0,刚启动(拉升初期),7.68,63.19,-0.2096,0.215,1.4113,0.8527,0.0
688239,航宇科技,46.960,89.7,刚启动(拉升初期),7.73,63.18,-0.1986,0.1531,2.0693,0.827,1.0
605169,洪通燃气,10.890,30.8,刚启动(拉升初期),12.34,63.17,-0.067,0.1282,1.8108,0.7427,1.0
688726,拉普拉斯,48.310,106.2,刚启动(拉升初期),7.95,63.17,-0.1537,0.2522,1.5305,0.889,0.0
000509,华塑控股,3.390,36.4,刚启动(拉升初期),7.14,63.14,-0.3089,0.1888,1.4581,0.8692,0.0
688419,耐科装备,56.490,64.7,刚启动(拉升初期),13.29,63.13,0.1821,0.5167,1.6867,0.8206,0.4
300901,中胤时尚,18.220,43.7,刚启动(拉升初期),24.56,63.11,0.1854,0.1924,1.7051,0.8505,0.4
301056,森赫股份,11.230,19.8,刚启动(拉升初期),12.02,63.11,-0.1384,0.2028,1.4712,0.8717,0.0
301581,黄山谷捷,37.080,15.7,刚启动(拉升初期),7.4,63.1,-0.2624,0.1042,1.4938,0.8874,0.0
300813,泰林生物,20.390,15.5,刚启动(拉升初期),12.82,63.09,-0.0699,0.1267,1.9263,0.7794,1.0
605488,福莱新材,30.130,83.2,刚启动(拉升初期),8.22,63.09,-0.0947,0.2868,1.5142,0.8788,0.0
600645,中源协和,19.290,90.2,刚启动(拉升初期),22.35,63.07,0.0065,0.085,2.1592,0.8602,1.0
301031,中熔电气,91.150,104.7,刚启动(拉升初期),7.72,63.06,-0.2018,0.1775,1.5328,0.8929,0.0
300411,金盾股份,7.560,23.4,刚启动(拉升初期),8.02,63.05,-0.1385,0.1113,2.1009,0.8379,1.0
688285,高铁电气,7.580,28.5,刚启动(拉升初期),8.29,63.05,-0.0787,0.1024,1.4093,0.8582,0.0
600182,S佳通,13.230,22.5,刚启动(拉升初期),12.52,63.03,-0.0237,0.0289,2.1066,0.8469,1.0
301051,信濠光电,19.050,43.0,形态接近(观察),21.78,63.01,0.0822,0.4633,1.8095,0.7873,0.7
688163,赛伦生物,34.350,37.2,刚启动(拉升初期),8.49,63.01,-0.0324,0.1673,1.6862,0.8438,0.4
300596,利安隆,42.500,97.6,刚启动(拉升初期),8.21,63.0,-0.0982,0.116,1.8039,0.8123,0.7
600802,福建水泥,4.570,20.9,刚启动(拉升初期),8.23,62.99,-0.0927,0.1471,1.4678,0.8721,0.0
600216,浙江医药,12.710,120.9,刚启动(拉升初期),30.13,62.95,0.0368,0.1108,2.0546,0.8201,1.0
600523,贵航股份,11.770,47.6,刚启动(拉升初期),12.59,62.95,-0.0076,0.0591,2.0155,0.8118,1.0
301518,长华化学,25.060,14.7,刚启动(拉升初期),14.72,62.95,-0.2008,0.1074,2.0646,0.8235,1.0
688536,思瑞浦,307.000,416.4,刚启动(拉升初期),9.0,62.92,0.1,0.3181,1.7096,0.8371,0.4
603836,海程邦达,8.990,25.1,刚启动(拉升初期),8.46,62.91,-0.0378,0.0652,1.3873,0.8508,0.0
688616,西力科技,10.790,19.4,刚启动(拉升初期),8.12,62.83,-0.1167,0.1287,1.4774,0.873,0.0
300560,中富通,17.440,32.6,刚启动(拉升初期),8.24,62.81,-0.0904,0.2925,1.5027,0.8673,0.0
002175,*ST东智,2.560,32.7,刚启动(拉升初期),17.79,62.8,-0.0483,0.0756,1.548,0.9005,0.0
688455,科捷智能,16.170,27.2,刚启动(拉升初期),7.58,62.77,-0.2284,0.1615,1.8104,0.8045,0.7
603958,哈森股份,21.960,48.2,刚启动(拉升初期),18.73,62.76,0.0277,0.6032,2.0695,0.7834,1.0
603083,剑桥科技,178.530,492.0,刚启动(拉升初期),12.45,62.76,-0.041,0.1466,1.9752,0.8606,0.7
003015,日久光电,12.120,29.9,刚启动(拉升初期),8.48,62.72,-0.0335,0.163,1.5386,0.8876,0.0
603259,药明康德,157.720,3900.9,刚启动(拉升初期),41.1,62.7,0.5776,0.2822,1.4775,0.857,0.0
002072,凯瑞德,7.390,27.2,刚启动(拉升初期),8.45,62.66,-0.0416,0.0805,1.6765,0.8395,0.4
002209,达 意 隆,12.530,19.8,刚启动(拉升初期),12.6,62.62,-0.0056,0.1937,2.0617,0.807,1.0
002301,齐心集团,7.530,54.1,刚启动(拉升初期),13.78,62.61,-0.0283,0.1085,1.497,0.8759,0.0
603041,美思德,10.940,20.0,刚启动(拉升初期),7.99,62.6,-0.1452,0.1231,1.4886,0.8715,0.0
603489,八方股份,27.860,65.4,刚启动(拉升初期),7.77,62.6,-0.1908,0.1233,1.4582,0.8614,0.0
301041,金百泽,25.220,19.9,刚启动(拉升初期),7.38,62.57,-0.2671,0.1794,1.5247,0.8779,0.0
300491,通合科技,30.320,47.8,刚启动(拉升初期),12.25,62.57,-0.0886,0.2256,1.6245,0.9074,0.0
600778,友好集团,5.490,17.1,刚启动(拉升初期),8.17,62.56,-0.1063,0.1467,1.5241,0.8802,0.0
300642,透景生命,13.490,18.6,刚启动(拉升初期),12.41,62.56,-0.0507,0.1318,1.6492,0.8233,0.4
603229,奥翔药业,8.000,66.4,刚启动(拉升初期),11.88,62.51,-0.1679,0.0943,1.7237,0.7752,0.7
603968,醋化股份,10.340,21.1,刚启动(拉升初期),7.83,62.45,-0.1797,0.1128,1.4514,0.8564,0.0
300828,锐新科技,16.540,15.7,刚启动(拉升初期),14.99,62.39,-0.1463,0.1569,2.0419,0.7978,1.0
688238,和元生物,6.880,44.5,形态接近(观察),40.58,62.37,0.1349,0.25,1.9554,0.7607,1.0
603602,纵横通信,11.520,26.6,刚启动(拉升初期),8.02,62.36,-0.1397,0.1417,1.505,0.8694,0.0
300549,优德精密,14.160,14.3,刚启动(拉升初期),8.14,62.36,-0.1117,0.123,1.4895,0.8657,0.0
603661,恒林股份,32.710,45.5,刚启动(拉升初期),8.79,62.36,0.044,0.1775,1.8072,0.867,0.4
688670,金迪克,15.570,19.2,刚启动(拉升初期),12.87,62.34,-0.0814,0.1619,1.9978,0.7813,1.0
688578,艾力斯,113.930,512.7,启动前(蓄势中),62.31,25.33,0.277,-0.0209,2.0017,0.8851,0.4
300405,科隆股份,5.610,12.3,刚启动(拉升初期),7.98,62.31,-0.1485,0.1684,1.4911,0.861,0.0
002556,辉隆股份,5.050,47.2,刚启动(拉升初期),15.47,62.3,-0.0368,0.0654,2.0577,0.809,1.0
603881,数据港,25.980,224.0,形态接近(观察),18.09,62.3,-0.1234,0.089,2.1676,0.8434,1.0
300004,南风股份,9.700,46.6,刚启动(拉升初期),17.3,62.28,-0.2804,0.263,2.1078,0.8081,1.0
301528,多浦乐,54.890,25.4,刚启动(拉升初期),9.38,62.28,0.2109,0.2437,1.5152,0.8621,0.0
688379,华光新材,53.040,47.8,刚启动(拉升初期),7.74,62.28,-0.1974,0.1335,1.9677,0.8472,0.7
002055,ST得润,6.040,35.7,刚启动(拉升初期),7.62,62.24,-0.2214,0.1372,1.9314,0.8338,0.7
300620,光库科技,299.870,741.7,刚启动(拉升初期),8.92,62.24,0.0777,0.3988,1.5752,0.8693,0.0
603188,亚邦股份,4.660,26.6,刚启动(拉升初期),18.62,62.23,0.0,0.2109,2.0666,0.7973,1.0
000517,荣安地产,2.310,57.6,刚启动(拉升初期),13.33,62.22,0.1949,0.2595,1.5543,0.8724,0.0
300126,锐奇股份,6.330,13.3,刚启动(拉升初期),8.19,62.22,-0.1021,0.1551,1.4822,0.8571,0.0
001202,炬申股份,13.600,15.9,刚启动(拉升初期),17.98,62.21,-0.1487,0.109,1.4452,0.8485,0.0
600288,大恒科技,11.150,48.7,形态接近(观察),18.26,62.15,-0.1372,0.1382,2.0196,0.8609,0.7
002687,乔治白,6.260,25.9,刚启动(拉升初期),44.84,62.12,0.4164,0.1887,2.0446,0.8641,0.7
301665,泰禾股份,24.380,25.4,刚启动(拉升初期),36.31,62.12,0.0494,0.1192,1.7702,0.8537,0.4
603717,天域生物,6.280,18.2,刚启动(拉升初期),8.24,62.12,-0.091,0.2073,1.7052,0.8244,0.4
688678,福立旺,19.180,77.3,刚启动(拉升初期),8.12,62.11,-0.1173,0.2109,1.7643,0.8437,0.4
301680,固德电材,95.920,16.1,刚启动(拉升初期),7.91,62.1,-0.1633,0.1096,2.1249,0.8223,1.0
300225,金力泰,7.150,33.8,刚启动(拉升初期),7.44,62.1,-0.2544,0.1,1.7619,0.8522,0.4
300568,星源材质,14.250,172.2,刚启动(拉升初期),7.9,62.09,-0.1638,0.1896,1.6502,0.9068,0.0
301166,优宁维,29.300,16.5,形态接近(观察),22.26,62.08,0.0302,0.1959,2.021,0.7796,1.0
300960,通业科技,16.780,22.1,刚启动(拉升初期),8.15,62.08,-0.1109,0.134,1.4981,0.8607,0.0
301129,瑞纳智能,23.620,15.9,刚启动(拉升初期),18.21,62.08,-0.0978,0.2208,2.1276,0.8132,1.0
688766,普冉股份,421.000,626.0,形态接近(观察),22.94,62.07,0.1285,0.358,1.5218,0.8502,0.0
001373,翔腾新材,27.910,11.7,刚启动(拉升初期),7.38,62.06,-0.2671,0.1406,1.5033,0.8614,0.0
688528,秦川物联,9.670,16.2,刚启动(拉升初期),7.84,62.03,-0.1769,0.2161,1.5604,0.8733,0.0
603212,赛伍技术,11.670,51.1,刚启动(拉升初期),7.77,62.02,-0.192,0.1293,1.4665,0.8491,0.0
688800,瑞可达,64.580,186.2,刚启动(拉升初期),14.52,62.0,-0.2411,0.1971,1.7107,0.8242,0.4
600249,两面针,5.220,28.7,刚启动(拉升初期),12.55,61.97,-0.0169,0.0825,1.5227,0.8708,0.0
300272,开能健康,5.720,26.6,刚启动(拉升初期),12.36,61.91,-0.0622,0.069,2.0543,0.7977,1.0
688618,三旺通信,29.960,33.0,刚启动(拉升初期),15.1,61.91,-0.1226,0.1196,1.9725,0.8409,0.7
301298,东利机械,12.720,13.8,刚启动(拉升初期),8.12,61.88,-0.1166,0.1541,1.5092,0.8577,0.0
688690,纳微科技,41.780,168.7,刚启动(拉升初期),8.99,61.84,0.0971,0.243,1.6743,0.8042,0.4
300851,交大思诺,23.930,13.6,刚启动(拉升初期),8.05,61.84,-0.1317,0.1223,1.4825,0.8505,0.0
002496,辉丰股份,2.020,23.9,刚启动(拉升初期),7.7,61.84,-0.2062,0.0794,1.7956,0.8588,0.4
688498,源杰科技,1540.460,1893.1,刚启动(拉升初期),18.78,61.83,0.4411,0.2618,1.6596,0.8975,0.0
605111,新洁能,61.240,254.3,刚启动(拉升初期),8.61,61.76,-0.0034,0.2177,1.7809,0.8398,0.4
688381,帝奥微,33.440,82.8,刚启动(拉升初期),7.88,61.73,-0.1692,0.1984,1.7685,0.8366,0.4
300241,瑞丰光电,5.580,33.5,刚启动(拉升初期),7.49,61.73,-0.2459,0.0751,1.9084,0.8941,0.4
000597,东北制药,4.910,69.2,刚启动(拉升初期),40.38,61.72,0.0571,0.0744,2.1235,0.8155,1.0
603386,骏亚科技,13.610,44.4,刚启动(拉升初期),7.81,61.66,-0.1833,0.178,1.5576,0.8661,0.0
000430,张家界,6.730,24.9,刚启动(拉升初期),7.93,61.66,-0.1579,0.0769,1.7618,0.8432,0.4
002748,世龙实业,11.980,28.8,刚启动(拉升初期),16.6,61.62,0.054,0.1928,1.4231,0.819,0.0
301043,绿岛风,43.570,24.7,刚启动(拉升初期),8.42,61.61,-0.0489,0.1401,1.9153,0.8124,0.7
301337,亚华电子,25.790,26.3,刚启动(拉升初期),8.54,61.59,-0.0198,0.1625,1.5923,0.8773,0.0
300500,启迪设计,9.490,15.9,刚启动(拉升初期),7.86,61.57,-0.1719,0.1489,1.5457,0.8624,0.0
688669,聚石化学,75.940,92.1,刚启动(拉升初期),31.27,61.56,0.8923,0.2163,1.7743,0.8327,0.4
603028,赛福天,6.970,19.8,刚启动(拉升初期),7.98,61.55,-0.1477,0.1313,1.515,0.8534,0.0
688210,统联精密,29.810,48.5,刚启动(拉升初期),10.85,61.55,-0.3567,0.1103,1.9693,0.8316,0.7
603208,江山欧派,11.210,19.7,刚启动(拉升初期),7.99,61.54,-0.1461,0.1198,1.7017,0.8164,0.4
301138,华研精机,29.810,20.4,刚启动(拉升初期),8.66,61.53,0.0105,0.2302,2.0041,0.8325,0.7
001367,海森药业,19.720,24.0,刚启动(拉升初期),12.42,61.51,-0.0478,0.119,2.1224,0.8059,1.0
300366,ST创意,5.070,26.9,刚启动(拉升初期),12.26,61.51,-0.0847,0.1869,1.5266,0.8515,0.0
688469,芯联集成,8.860,520.1,刚启动(拉升初期),19.82,61.5,0.1538,0.2057,1.5594,0.8604,0.0
603739,蔚蓝生物,12.130,30.7,形态接近(观察),18.3,61.49,-0.0768,0.0976,2.1661,0.8219,1.0
301390,经纬股份,30.770,15.1,刚启动(拉升初期),8.19,61.48,-0.1024,0.1149,1.5252,0.8564,0.0
300017,网宿科技,15.170,359.0,刚启动(拉升初期),19.12,61.45,0.0209,0.1752,2.2719,0.8493,1.0
688234,天岳先进,106.530,457.8,刚启动(拉升初期),7.65,61.41,-0.2155,0.1655,1.7917,0.839,0.4
603530,神马电力,47.750,204.1,刚启动(拉升初期),14.79,61.41,-0.1874,0.1017,2.0145,0.8439,0.7
600316,洪都航空,29.230,209.6,刚启动(拉升初期),15.48,61.4,-0.0351,0.1214,1.6057,0.8806,0.0
600319,亚星化学,6.550,25.4,刚启动(拉升初期),15.1,61.4,-0.1212,0.1906,1.5192,0.8459,0.0
600796,钱江生化,5.040,15.7,刚启动(拉升初期),12.41,61.36,-0.0505,0.0695,1.5892,0.8789,0.0
600052,东望时代,3.830,32.3,刚启动(拉升初期),8.24,61.35,-0.0898,0.1,1.8803,0.8728,0.4
002779,中坚科技,73.100,121.2,刚启动(拉升初期),8.83,61.32,0.0554,0.2935,1.7674,0.8182,0.4
600280,中央商场,2.920,32.9,刚启动(拉升初期),8.33,61.3,-0.0688,0.155,1.5957,0.8719,0.0
600491,ST龙元,1.810,27.7,刚启动(拉升初期),19.85,61.3,0.3609,0.448,2.2187,0.8071,1.0
600706,曲江文旅,7.810,19.8,刚启动(拉升初期),12.48,61.28,-0.0343,0.1338,1.5553,0.8597,0.0
300650,太龙股份,11.620,19.8,刚启动(拉升初期),7.88,61.26,-0.1679,0.1306,1.8645,0.8626,0.4
001268,联合精密,22.420,21.2,刚启动(拉升初期),11.59,61.24,-0.2261,0.2652,1.917,0.8683,0.4
000919,金陵药业,6.510,40.5,刚启动(拉升初期),35.46,61.24,0.0204,0.0535,2.1429,0.812,1.0
002795,永和智控,6.960,30.2,刚启动(拉升初期),7.87,61.22,-0.1702,0.1521,1.5075,0.8407,0.0
605218,伟时电子,14.410,30.7,刚启动(拉升初期),8.08,61.18,-0.1264,0.1469,1.513,0.842,0.0
000695,滨海能源,14.000,31.1,刚启动(拉升初期),8.27,61.18,-0.0839,0.0965,2.1809,0.8192,1.0
300835,龙磁科技,160.150,133.8,刚启动(拉升初期),8.37,61.17,-0.0603,0.2485,1.609,0.8654,0.0
301227,森鹰窗业,31.530,23.3,刚启动(拉升初期),13.94,61.17,0.3909,0.8548,1.6343,0.8341,0.0
002635,安洁科技,15.330,60.6,刚启动(拉升初期),8.21,61.16,-0.0982,0.157,1.5908,0.8665,0.0
300333,兆日科技,10.890,36.5,刚启动(拉升初期),15.64,61.16,0.0065,0.4993,2.1352,0.8721,0.6
603773,沃格光电,94.480,212.3,形态接近(观察),7.85,61.16,-0.1755,0.2025,1.8705,0.781,0.7
000006,深振业Ａ,6.980,94.2,刚启动(拉升初期),7.66,61.15,-0.214,0.0855,1.9298,0.8107,0.7
300486,东杰智能,20.720,98.8,刚启动(拉升初期),7.91,61.09,-0.1633,0.2715,2.0251,0.8252,0.7
300025,华星创业,5.110,25.9,刚启动(拉升初期),12.62,61.08,0.0,0.2,1.6105,0.8676,0.0
000153,丰原药业,5.920,27.2,刚启动(拉升初期),30.5,61.06,0.0331,0.1084,1.8956,0.82,0.6
002512,ST达华,4.090,44.8,刚启动(拉升初期),8.12,61.05,-0.1164,0.2349,1.65,0.8771,0.0
600971,恒源煤电,8.620,103.4,刚启动(拉升初期),9.13,61.05,0.1358,0.1299,1.9402,0.8076,0.7
002295,精艺股份,9.000,22.5,刚启动(拉升初期),8.09,61.0,-0.1245,0.1392,1.5407,0.8474,0.0
300800,力合科技,9.860,23.1,刚启动(拉升初期),8.2,61.0,-0.1004,0.1217,1.5605,0.8555,0.0
000701,厦门信达,5.000,33.4,刚启动(拉升初期),8.08,60.99,-0.1259,0.0593,1.7564,0.8264,0.4
688075,安旭生物,29.190,37.1,刚启动(拉升初期),12.01,60.98,-0.1408,0.0611,1.7493,0.8235,0.4
301010,晶雪节能,17.580,19.0,刚启动(拉升初期),7.96,60.98,-0.1521,0.1746,1.5865,0.8591,0.0
002133,广宇集团,2.690,20.7,刚启动(拉升初期),8.17,60.97,-0.1067,0.0939,1.7722,0.8279,0.4
603102,百合股份,37.920,24.3,形态接近(观察),18.35,60.96,0.0168,0.193,2.1297,0.7882,1.0
300863,卡倍亿,41.500,104.2,刚启动(拉升初期),6.91,60.96,-0.3485,0.2012,1.5845,0.8558,0.0
301179,泽宇智能,22.020,52.3,刚启动(拉升初期),8.39,60.94,-0.0564,0.2196,2.0902,0.8472,0.7
300150,世纪瑞尔,4.210,19.5,刚启动(拉升初期),8.39,60.93,-0.0561,0.0964,1.5852,0.8645,0.0
002726,ST龙大,2.690,36.6,刚启动(拉升初期),35.86,60.9,0.5341,0.4286,1.7193,0.7068,0.7
002524,光正眼科,3.920,20.0,刚启动(拉升初期),15.59,60.89,-0.0175,0.095,1.7613,0.8222,0.4
301021,英诺激光,76.270,116.5,刚启动(拉升初期),11.7,60.85,-0.2045,0.2406,1.8167,0.8272,0.4
603012,创力集团,8.580,55.5,刚启动(拉升初期),27.37,60.84,-0.0764,0.0861,2.047,0.842,0.7
600506,统一股份,15.470,38.6,刚启动(拉升初期),7.73,60.83,-0.1989,0.0873,1.5582,0.8538,0.0
301272,英华特,34.070,12.6,刚启动(拉升初期),7.94,60.82,-0.1559,0.1298,1.5866,0.859,0.0
300151,昌红科技,16.410,60.5,刚启动(拉升初期),7.25,60.8,-0.2899,0.1841,1.7668,0.8139,0.4
301167,建研设计,14.300,15.1,刚启动(拉升初期),8.29,60.78,-0.0784,0.194,1.6101,0.8603,0.0
688719,爱科赛博,48.970,43.9,刚启动(拉升初期),7.14,60.78,-0.3097,0.0952,2.0394,0.8371,0.7
600792,云煤能源,3.690,41.0,刚启动(拉升初期),8.2,60.78,-0.0985,0.0733,1.966,0.7398,1.0
000532,华金资本,11.090,38.1,刚启动(拉升初期),8.28,60.78,-0.0812,0.082,2.1225,0.866,0.7
001300,三柏硕,11.570,28.2,刚启动(拉升初期),11.35,60.76,-0.2718,0.1623,1.5554,0.8443,0.0
600812,华北制药,4.570,78.4,刚启动(拉升初期),41.38,60.75,0.0815,0.0294,2.1771,0.8134,1.0
002872,ST天圣,5.270,11.3,刚启动(拉升初期),8.45,60.75,-0.0418,0.0755,1.7422,0.8142,0.4
688123,聚辰股份,135.780,215.8,刚启动(拉升初期),20.39,60.75,0.0638,0.1644,1.8405,0.8388,0.4
605567,春雪食品,9.010,18.0,刚启动(拉升初期),8.24,60.74,-0.0907,0.1247,1.5744,0.8535,0.0
002631,德尔未来,8.650,68.6,刚启动(拉升初期),17.31,60.73,0.2325,0.3671,1.8128,0.8132,0.4
605588,冠石科技,47.050,34.4,刚启动(拉升初期),7.91,60.68,-0.1618,0.1602,1.593,0.8551,0.0
002910,庄园牧场,9.450,16.2,刚启动(拉升初期),8.28,60.67,-0.0816,0.1607,1.6024,0.8579,0.0
300176,鸿特科技,4.570,24.3,刚启动(拉升初期),11.83,60.67,-0.1788,0.024,2.0803,0.7798,1.0
688597,煜邦电力,6.660,22.4,刚启动(拉升初期),7.9,60.66,-0.1635,0.1407,2.1785,0.8013,1.0
300587,天铁科技,5.140,54.1,刚启动(拉升初期),15.7,60.66,0.0217,0.375,1.5925,0.8374,0.0
600817,宇通重工,9.510,50.4,刚启动(拉升初期),12.4,60.57,-0.0536,0.0612,1.9083,0.7914,0.7
000070,特发信息,14.620,125.3,刚启动(拉升初期),8.02,60.56,-0.1393,0.1236,1.878,0.8503,0.4
688003,天准科技,83.140,161.9,刚启动(拉升初期),8.12,60.54,-0.1183,0.1682,2.0794,0.838,0.7
000972,中基健康,3.590,27.7,刚启动(拉升初期),20.46,60.53,0.0056,0.0751,2.2393,0.8245,1.0
300097,智云股份,9.140,24.1,形态接近(观察),18.65,60.53,0.0076,0.1969,2.1502,0.784,1.0
301631,壹连科技,61.240,26.7,形态接近(观察),14.39,60.52,-0.2645,0.0639,2.3087,0.8484,1.0
300538,同益股份,15.140,18.5,刚启动(拉升初期),8.21,60.52,-0.0961,0.1358,1.6102,0.859,0.0
688420,美腾科技,22.000,19.5,刚启动(拉升初期),8.01,60.5,-0.1411,0.1353,1.8168,0.8273,0.4
301285,鸿日达,87.300,114.6,刚启动(拉升初期),7.65,60.49,-0.2142,0.2556,1.6531,0.8625,0.0
001319,铭科精技,19.380,12.3,刚启动(拉升初期),7.95,60.48,-0.1532,0.0967,2.0452,0.8314,0.7
002927,泰永长征,15.550,34.3,刚启动(拉升初期),7.0,60.46,-0.3336,0.0923,1.9309,0.8681,0.4
002360,ST同德,5.820,18.9,刚启动(拉升初期),8.43,60.44,-0.046,0.1955,1.6692,0.8713,0.0
300110,华仁药业,2.770,32.7,刚启动(拉升初期),25.2,60.44,-0.0279,0.0489,2.0167,0.7503,1.0
300320,海达股份,8.410,40.9,刚启动(拉升初期),8.39,60.44,-0.055,0.0618,2.2396,0.8235,1.0
301230,泓博医药,34.090,55.5,刚启动(拉升初期),40.01,60.43,0.2482,0.3896,1.9549,0.7763,0.7
002723,小崧股份,7.300,23.1,刚启动(拉升初期),7.82,60.4,-0.1816,0.1011,1.7107,0.8927,0.0
000608,阳光股份,7.470,55.7,刚启动(拉升初期),21.54,60.4,0.5152,0.2029,1.7713,0.8038,0.4
002949,华阳国际,11.580,17.6,刚启动(拉升初期),12.19,60.4,-0.1011,0.2092,2.0481,0.8205,0.7
603970,中农立华,10.570,28.4,刚启动(拉升初期),18.28,60.39,-0.0818,0.0657,1.7955,0.7489,0.7
603456,九洲药业,15.900,140.2,刚启动(拉升初期),59.5,60.38,0.2537,0.1157,2.0001,0.7372,1.0
605055,迎丰股份,9.690,42.6,刚启动(拉升初期),7.47,60.37,-0.2488,0.1619,1.5704,0.8397,0.0
301088,戎美股份,12.510,23.5,刚启动(拉升初期),11.91,60.37,-0.1624,0.1173,1.5596,0.84,0.0
301389,隆扬电子,51.750,146.7,形态接近(观察),6.88,60.36,-0.3526,0.1136,2.2013,0.804,1.0
688646,逸飞激光,70.530,42.8,刚启动(拉升初期),24.66,60.35,0.112,0.1786,2.1211,0.7711,1.0
002652,扬子新材,3.940,20.2,刚启动(拉升初期),7.27,60.35,-0.2855,0.107,1.6398,0.867,0.0
601666,平煤股份,9.620,237.6,刚启动(拉升初期),9.42,60.32,0.2226,0.2336,1.8242,0.8169,0.4
688662,富信科技,89.480,102.6,形态接近(观察),16.77,60.32,0.3331,0.2622,1.9175,0.8457,0.4
603277,银都股份,12.290,74.9,刚启动(拉升初期),18.82,60.31,0.0504,0.1897,1.9223,0.8031,0.6
002629,仁智股份,4.680,17.0,刚启动(拉升初期),7.81,60.27,-0.1832,0.1169,1.6496,0.8675,0.0
000042,中洲控股,8.570,56.9,刚启动(拉升初期),8.02,60.25,-0.1388,0.0877,1.9551,0.7966,0.7
600833,第一医药,10.400,23.2,刚启动(拉升初期),22.64,60.24,0.0009,0.1243,2.1301,0.7763,1.0
600463,空港股份,8.120,24.4,刚启动(拉升初期),8.01,60.24,-0.1416,0.1123,1.6073,0.853,0.0
600381,*ST春天,4.890,28.7,刚启动(拉升初期),15.05,60.23,-0.1333,0.3351,1.6844,0.8604,0.0
600800,渤海化学,3.290,36.5,刚启动(拉升初期),15.03,60.22,-0.1359,0.1581,2.2414,0.8098,1.0
688320,禾川科技,32.900,49.7,刚启动(拉升初期),8.18,60.19,-0.1037,0.2026,1.6572,0.8606,0.0
000880,潍柴重机,23.170,52.6,刚启动(拉升初期),7.69,60.18,-0.2079,0.1041,2.0961,0.8401,0.7
688478,晶升股份,48.320,66.9,形态接近(观察),7.6,60.17,-0.2255,0.158,2.0112,0.8069,0.7
600128,苏豪弘业,8.220,20.3,刚启动(拉升初期),8.3,60.17,-0.0768,0.1173,1.6195,0.8549,0.0
300607,拓斯达,33.650,116.2,刚启动(拉升初期),12.06,60.16,0.0941,0.1473,2.1869,0.8661,0.7
688466,金科环境,13.830,16.9,刚启动(拉升初期),7.92,60.15,-0.1611,0.1526,1.5811,0.8384,0.0
603023,威帝股份,4.030,22.5,刚启动(拉升初期),12.1,60.12,-0.122,0.1041,1.5932,0.8461,0.0
002997,瑞鹄模具,28.170,59.0,刚启动(拉升初期),8.27,60.11,-0.0839,0.0944,2.1863,0.7943,1.0
600838,上海九百,7.320,29.3,刚启动(拉升初期),8.08,60.1,-0.1271,0.0944,1.9986,0.8066,0.7
002742,冀衡医药,4.030,21.1,刚启动(拉升初期),18.35,60.08,-0.0651,0.1893,2.1703,0.78,1.0
301281,科源制药,44.170,31.3,刚启动(拉升初期),9.03,60.07,0.108,0.2522,1.5829,0.8289,0.0
001280,中国铀业,71.280,123.8,刚启动(拉升初期),12.66,60.07,0.0093,0.1906,1.8712,0.83,0.4
600232,金鹰股份,6.400,23.3,刚启动(拉升初期),7.88,60.05,-0.1686,0.1228,1.5921,0.8423,0.0
600265,*ST景谷,22.870,29.7,刚启动(拉升初期),8.36,60.03,-0.0634,0.1004,2.0819,0.757,1.0
301157,华塑科技,61.180,12.6,刚启动(拉升初期),8.16,60.02,-0.1077,0.2626,1.6698,0.8557,0.0
301189,奥尼电子,50.300,79.4,刚启动(拉升初期),6.87,59.98,-0.3536,0.1175,1.9173,0.8494,0.4
301373,凌玮科技,94.080,65.5,形态接近(观察),7.01,59.97,-0.3316,0.1493,2.0557,0.8174,0.7
000593,德龙汇能,22.770,81.6,形态接近(观察),18.11,59.95,0.0734,0.3285,2.0917,0.8145,0.7
688681,科汇股份,16.820,17.6,刚启动(拉升初期),8.5,59.93,-0.0304,0.1718,1.633,0.8487,0.0
300625,三雄极光,9.570,15.5,刚启动(拉升初期),7.99,59.92,-0.1464,0.1014,1.6399,0.857,0.0
603011,合锻智能,23.190,114.7,刚启动(拉升初期),11.95,59.89,-0.154,0.2862,1.5994,0.8271,0.0
000407,胜利股份,4.050,35.5,刚启动(拉升初期),15.42,59.89,-0.0482,0.0465,2.1303,0.7748,1.0
002495,佳隆股份,2.350,16.3,刚启动(拉升初期),8.34,59.87,-0.0677,0.0986,1.6378,0.8551,0.0
300238,冠昊生物,11.460,30.4,刚启动(拉升初期),24.48,59.84,-0.0425,0.0532,2.119,0.7691,1.0
002290,禾盛新材,62.630,154.9,刚启动(拉升初期),7.29,59.83,-0.2821,0.1773,1.677,0.8604,0.0
002548,金新农,3.990,32.1,刚启动(拉升初期),19.23,59.82,-0.0478,0.0501,2.1876,0.7917,1.0
002445,中南文化,3.370,79.7,刚启动(拉升初期),8.35,59.81,-0.0639,0.2481,2.0224,0.7941,0.7
601368,绿城水务,4.570,40.4,刚启动(拉升初期),8.59,59.8,-0.0065,0.0624,1.5739,0.8354,0.0
600356,恒丰纸业,8.790,26.3,刚启动(拉升初期),18.59,59.77,-0.0067,0.1782,1.7063,0.8685,0.0
603137,恒尚节能,21.520,39.4,启动前(蓄势中),59.77,6.44,0.5523,-0.1565,2.4332,0.8147,1.0
002907,华森制药,14.140,47.9,形态接近(观察),41.65,59.75,0.1386,0.1368,2.1096,0.8559,0.6
300911,亿田智能,22.260,38.1,形态接近(观察),18.08,59.74,-0.1261,0.2208,2.1534,0.7633,1.0
600256,广汇能源,6.090,389.3,刚启动(拉升初期),8.57,59.73,-0.0127,0.1494,1.8429,0.8155,0.4
600123,兰花科创,7.280,107.3,刚启动(拉升初期),8.84,59.72,0.0569,0.097,1.6536,0.8569,0.0
002695,煌上煌,11.160,57.1,刚启动(拉升初期),18.52,59.71,-0.0244,0.2381,1.6051,0.8282,0.0
603022,新通联,8.700,17.4,刚启动(拉升初期),7.95,59.71,-0.1544,0.1415,1.6545,0.8528,0.0
002107,沃华医药,6.100,34.9,刚启动(拉升初期),23.76,59.7,-0.0532,0.0457,2.0406,0.8152,0.7
603618,杭电股份,27.760,191.9,刚启动(拉升初期),14.32,59.7,-0.2765,0.1626,1.911,0.8363,0.4
688558,国盛智科,31.660,41.8,刚启动(拉升初期),8.38,59.7,-0.0579,0.2163,1.6798,0.8548,0.0
001239,永达股份,11.870,13.5,刚启动(拉升初期),8.05,59.69,-0.1321,0.0789,1.6406,0.8535,0.0
002132,恒星科技,5.200,72.8,刚启动(拉升初期),8.94,59.65,0.0831,0.2847,2.163,0.8341,0.7
603283,赛腾股份,46.080,162.4,刚启动(拉升初期),8.44,59.63,-0.044,0.1005,2.0795,0.8212,0.7
603062,麦加芯彩,38.800,14.4,刚启动(拉升初期),8.07,59.63,-0.129,0.1041,1.6855,0.8645,0.0
301280,珠城科技,42.030,41.8,刚启动(拉升初期),8.91,59.62,0.0755,0.1429,1.6696,0.8557,0.0
300759,康龙化成,45.980,652.9,刚启动(拉升初期),45.76,59.61,0.8965,0.2238,1.8823,0.8194,0.4
002377,国创高新,2.670,23.3,刚启动(拉升初期),8.18,59.61,-0.104,0.068,1.6708,0.8626,0.0
603839,安正时尚,7.010,27.1,刚启动(拉升初期),8.5,59.59,-0.0291,0.1146,1.6096,0.8374,0.0
300509,新美星,8.660,21.4,刚启动(拉升初期),12.1,59.59,-0.1217,0.1276,1.6501,0.8496,0.0
688067,爱威科技,22.440,15.3,刚启动(拉升初期),8.27,59.53,-0.0835,0.1969,1.6714,0.8493,0.0
300774,倍杰特,10.970,22.4,刚启动(拉升初期),7.61,59.5,-0.2237,0.1736,1.6225,0.8343,0.0
300713,英可瑞,13.070,11.7,刚启动(拉升初期),7.81,59.49,-0.1828,0.0884,1.6429,0.8482,0.0
688215,瑞晟智能,44.460,40.2,刚启动(拉升初期),18.37,59.49,-0.0604,0.4412,1.6449,0.8209,0.0
688222,成都先导,35.490,142.2,刚启动(拉升初期),40.87,59.48,0.3028,0.2576,1.7831,0.7805,0.4
301072,中捷精工,42.520,28.9,刚启动(拉升初期),28.88,59.47,0.8497,0.2616,1.7533,0.8698,0.0
300218,安利股份,12.560,27.2,刚启动(拉升初期),8.35,59.46,-0.0645,0.0876,1.6527,0.8509,0.0
603048,浙江黎明,21.370,31.4,刚启动(拉升初期),12.86,59.45,0.062,0.1709,1.7033,0.8601,0.0
603629,利通电子,122.330,441.3,刚启动(拉升初期),17.68,59.42,-0.2083,0.1829,2.098,0.815,0.7
000619,海螺新材,4.810,17.3,刚启动(拉升初期),7.89,59.41,-0.1664,0.1186,1.6419,0.8432,0.0
002005,德豪润达,2.380,41.7,刚启动(拉升初期),14.79,59.35,-0.1877,0.0769,2.1074,0.8257,0.7
300752,隆利科技,10.850,24.2,刚启动(拉升初期),7.46,59.33,-0.2517,0.07,2.2747,0.8066,1.0
600493,凤竹纺织,6.030,16.4,刚启动(拉升初期),8.39,59.32,-0.0559,0.1386,1.6351,0.837,0.0
688152,麒麟信安,31.760,32.4,形态接近(观察),18.42,59.3,-0.0491,0.2325,2.0383,0.7128,1.0
300077,国民技术,20.240,115.5,刚启动(拉升初期),8.17,59.3,-0.1068,0.2013,1.6713,0.8431,0.0
301106,骏成科技,20.960,30.0,形态接近(观察),11.65,59.29,-0.2146,0.3778,2.1013,0.7226,1.0
002392,北京利尔,7.540,87.3,刚启动(拉升初期),8.39,59.29,-0.0555,0.0799,1.8705,0.8199,0.4
300958,建工修复,12.490,11.4,刚启动(拉升初期),12.37,59.27,-0.0603,0.1347,1.6759,0.8497,0.0
000039,中集集团,9.340,215.0,刚启动(拉升初期),12.1,59.2,-0.1211,0.156,1.635,0.8325,0.0
300013,新宁物流,4.000,22.3,刚启动(拉升初期),7.95,59.2,-0.1547,0.1565,1.6483,0.8369,0.0
300852,四会富仕,44.840,69.5,刚启动(拉升初期),8.1,59.13,-0.1212,0.2048,1.7416,0.862,0.0
603353,和顺石油,29.900,51.0,刚启动(拉升初期),6.8,59.11,-0.3652,0.061,2.1857,0.8472,0.7
300693,盛弘股份,42.070,113.4,刚启动(拉升初期),11.86,59.06,-0.1726,0.243,1.6592,0.8296,0.0
605060,联德股份,41.550,99.3,刚启动(拉升初期),7.95,59.04,-0.154,0.1578,1.9351,0.8282,0.4
600228,返利科技,8.140,33.9,刚启动(拉升初期),21.42,59.03,0.3073,0.3892,1.7537,0.8493,0.0
600697,欧亚集团,10.820,16.8,刚启动(拉升初期),8.32,59.01,-0.0729,0.1254,1.7047,0.8536,0.0
002428,云南锗业,96.950,633.1,刚启动(拉升初期),13.28,59.0,0.1784,0.3592,1.9065,0.8018,0.4
688252,天德钰,19.670,80.5,刚启动(拉升初期),8.23,59.0,-0.0926,0.2027,1.7114,0.8489,0.0
002529,海源复材,7.010,18.2,刚启动(拉升初期),8.14,58.99,-0.1127,0.118,1.6907,0.849,0.0
300397,天和防务,11.240,45.9,刚启动(拉升初期),7.99,58.98,-0.1446,0.1354,2.0715,0.7992,0.7
603511,爱慕股份,12.570,50.5,刚启动(拉升初期),12.31,58.98,-0.0743,0.1074,1.6732,0.8439,0.0
300906,日月明,31.350,22.7,刚启动(拉升初期),15.64,58.96,0.0065,0.2484,1.8544,0.7918,0.4
002278,神开股份,8.040,28.8,刚启动(拉升初期),12.15,58.96,-0.1098,0.0608,1.9475,0.8392,0.4
002420,毅昌科技,5.750,23.2,刚启动(拉升初期),8.32,58.96,-0.0712,0.1103,1.7256,0.8606,0.0
688323,瑞华泰,26.500,53.1,形态接近(观察),8.18,58.95,-0.1044,0.1248,2.1339,0.8202,0.7
300263,隆华科技,10.360,101.1,刚启动(拉升初期),8.13,58.94,-0.1147,0.1871,1.6406,0.8251,0.0
002494,华斯股份,4.770,13.7,刚启动(拉升初期),7.99,58.93,-0.1454,0.1148,1.6373,0.8301,0.0
301123,奕东电子,74.820,123.5,刚启动(拉升初期),7.95,58.93,-0.1536,0.1899,1.9289,0.8206,0.4
300980,祥源新材,22.570,22.6,刚启动(拉升初期),7.9,58.92,-0.1647,0.123,1.9275,0.8258,0.4
002663,普邦股份,1.650,28.2,刚启动(拉升初期),7.91,58.92,-0.1633,0.0861,1.6834,0.8479,0.0
688711,宏微科技,25.320,54.9,刚启动(拉升初期),7.58,58.91,-0.2278,0.1458,1.9507,0.8314,0.4
002798,帝欧水华,5.610,29.0,刚启动(拉升初期),8.04,58.9,-0.1354,0.0913,1.7042,0.8537,0.0
001201,东瑞股份,11.710,23.6,刚启动(拉升初期),30.06,58.88,-0.0258,0.0503,1.8453,0.8042,0.4
688373,盟科药业,5.220,34.3,刚启动(拉升初期),40.28,58.87,0.0921,0.1373,1.7786,0.7735,0.4
002918,蒙娜丽莎,9.880,21.2,刚启动(拉升初期),7.57,58.84,-0.2304,0.0738,1.9398,0.8324,0.4
300220,金运激光,10.750,16.2,刚启动(拉升初期),7.88,58.81,-0.1681,0.1426,1.7414,0.8592,0.0
603633,徕木股份,6.340,27.1,刚启动(拉升初期),7.41,58.79,-0.2608,0.118,1.7304,0.8573,0.0
002716,湖南白银,11.170,259.4,刚启动(拉升初期),19.31,58.77,0.1874,0.4768,2.1454,0.7923,0.7
000524,岭南控股,9.870,66.1,刚启动(拉升初期),8.81,58.75,0.0501,0.1371,1.8865,0.8066,0.4
301326,捷邦科技,107.010,77.1,刚启动(拉升初期),14.5,58.74,-0.2437,0.2974,1.6391,0.8108,0.0
600073,光明肉业,5.250,49.2,刚启动(拉升初期),25.14,58.73,-0.0019,0.054,2.0995,0.7346,1.0
300371,汇中股份,10.320,14.4,刚启动(拉升初期),8.14,58.7,-0.112,0.1268,1.7139,0.8489,0.0
603536,惠发食品,9.420,22.7,刚启动(拉升初期),18.46,58.69,-0.0378,0.1322,1.7883,0.8728,0.0
002224,三 力 士,3.580,28.9,刚启动(拉升初期),12.4,58.65,-0.054,0.059,2.1568,0.7513,1.0
300720,海川智能,74.210,136.7,形态接近(观察),22.41,58.62,0.1338,0.3605,1.9547,0.8082,0.4
603096,新经典,14.980,23.1,刚启动(拉升初期),12.16,58.61,-0.1078,0.0942,1.7167,0.8505,0.0
688131,皓元医药,94.200,200.9,刚启动(拉升初期),23.44,58.61,0.2036,0.3404,1.9579,0.8104,0.4
601156,东航物流,19.060,180.0,刚启动(拉升初期),25.58,58.6,0.1269,0.0918,1.9163,0.8169,0.4
002429,兆驰股份,8.020,362.9,刚启动(拉升初期),7.31,58.59,-0.2789,0.0762,2.0204,0.8529,0.4
688686,奥普特,122.830,150.1,刚启动(拉升初期),8.13,58.57,-0.1146,0.1521,1.6546,0.8235,0.0
600071,凤凰光学,15.730,44.3,刚启动(拉升初期),8.18,58.57,-0.1031,0.0865,1.9147,0.8161,0.4
300545,联得装备,34.150,40.8,刚启动(拉升初期),8.66,58.53,0.0104,0.2928,2.3071,0.7785,1.0
603238,诺邦股份,12.190,21.6,刚启动(拉升初期),8.17,58.52,-0.107,0.0836,1.6552,0.8285,0.0
688393,安必平,19.510,18.3,刚启动(拉升初期),12.16,58.52,-0.1079,0.1591,1.8879,0.7994,0.4
301246,宏源药业,20.920,36.2,刚启动(拉升初期),6.96,58.51,-0.3389,0.0964,1.6466,0.8244,0.0
002932,*ST明德,15.240,23.8,刚启动(拉升初期),8.4,58.5,-0.0528,0.051,1.6667,0.835,0.0
600628,新世界,6.100,39.5,刚启动(拉升初期),12.43,58.46,-0.0467,0.0462,1.9557,0.8308,0.4
600196,复星医药,23.050,488.3,刚启动(拉升初期),42.6,58.45,0.0133,0.0356,2.2616,0.7836,1.0
603982,泉峰汽车,6.060,20.6,刚启动(拉升初期),8.09,58.45,-0.1241,0.1241,1.7256,0.8466,0.0
300939,秋田微,60.490,72.6,刚启动(拉升初期),8.1,58.42,-0.1223,0.3403,1.7794,0.8463,0.0
000029,深深房Ａ,22.810,203.4,刚启动(拉升初期),8.43,58.42,-0.045,0.2049,2.0652,0.8522,0.4
600791,京能置业,7.290,33.0,刚启动(拉升初期),5.74,58.37,-0.5137,0.1299,2.0015,0.7611,0.7
688426,康为世纪,21.280,23.9,刚启动(拉升初期),16.46,58.37,0.1111,0.3474,2.2789,0.7611,1.0
601869,长飞光纤,367.600,1493.7,刚启动(拉升初期),8.59,58.37,-0.0081,0.2194,1.7332,0.8391,0.0
300616,尚品宅配,10.520,16.3,刚启动(拉升初期),7.19,58.32,-0.3009,0.1076,1.9832,0.8308,0.4
688428,诺诚健华,28.470,77.7,启动前(蓄势中),58.32,43.42,0.2289,0.0485,1.9289,0.865,0.0
605258,协和电子,28.400,25.0,刚启动(拉升初期),7.61,58.3,-0.2238,0.1804,1.7336,0.8406,0.0
600667,太极实业,20.380,426.3,刚启动(拉升初期),32.12,58.3,0.6672,0.1964,1.9554,0.8133,0.4
002692,远程股份,4.220,30.3,刚启动(拉升初期),12.2,58.29,-0.0985,0.1138,1.656,0.8203,0.0
300841,康华生物,54.620,66.4,刚启动(拉升初期),29.59,58.26,0.1394,0.25,2.0942,0.7041,1.0
688196,卓越新能,34.670,44.1,刚启动(拉升初期),17.76,58.25,-0.1939,0.0826,2.2513,0.7706,1.0
301355,南王科技,9.960,13.9,刚启动(拉升初期),8.12,58.22,-0.1168,0.1089,1.7148,0.8387,0.0
600736,苏州高新,6.570,75.6,刚启动(拉升初期),8.4,58.2,-0.0539,0.0881,2.2261,0.8354,0.7
002722,物产金轮,12.830,28.5,刚启动(拉升初期),8.31,58.17,-0.0738,0.0648,1.9386,0.8161,0.4
600663,陆家嘴,9.400,369.8,刚启动(拉升初期),31.83,58.15,0.2924,0.3234,1.798,0.847,0.0
600114,东睦股份,29.630,182.6,刚启动(拉升初期),7.85,58.13,-0.1748,0.1508,1.7483,0.8438,0.0
300949,奥雅股份,22.120,11.0,刚启动(拉升初期),7.97,58.11,-0.1489,0.14,1.7475,0.844,0.0
002422,科伦药业,42.410,550.7,启动前(蓄势中),58.1,22.05,0.1745,-0.0593,2.2749,0.8793,0.4
603117,万林物流,3.770,22.6,刚启动(拉升初期),7.84,58.09,-0.1769,0.0959,1.7003,0.8317,0.0
603375,盛景微,37.870,24.2,刚启动(拉升初期),7.82,58.08,-0.1807,0.144,1.7733,0.8514,0.0
688312,燕麦科技,48.460,71.1,刚启动(拉升初期),6.64,58.08,-0.3901,0.1715,2.028,0.8341,0.4
688021,奥福科技,20.670,15.8,刚启动(拉升初期),7.89,58.05,-0.1673,0.1793,1.7438,0.838,0.0
002469,三维化学,6.720,42.3,刚启动(拉升初期),8.69,58.05,0.0168,0.2061,2.3091,0.7741,1.0
301181,标榜股份,22.750,26.7,刚启动(拉升初期),7.3,58.04,-0.2815,0.1245,1.9591,0.8142,0.4
001223,欧克科技,40.180,28.1,刚启动(拉升初期),8.74,58.04,0.0314,0.3052,1.7818,0.8403,0.0
600386,北巴传媒,3.350,27.0,刚启动(拉升初期),12.3,58.04,-0.0765,0.0833,1.7187,0.8379,0.0
301130,西点药业,33.600,19.8,刚启动(拉升初期),19.24,58.0,0.1671,0.4839,1.8136,0.8369,0.0
002479,富春环保,5.840,50.4,刚启动(拉升初期),20.69,57.99,0.0504,0.0896,2.0719,0.7787,0.7
300012,华测检测,15.230,218.1,刚启动(拉升初期),12.84,57.99,0.0569,0.1365,2.1952,0.7405,1.0
600108,亚盛集团,3.240,63.1,刚启动(拉升初期),8.42,57.98,-0.049,0.1074,2.0313,0.6884,1.0
002591,恒大高新,6.230,13.9,刚启动(拉升初期),7.65,57.97,-0.2146,0.1028,1.7777,0.8539,0.0
002836,新宏泽,9.840,22.7,刚启动(拉升初期),12.04,57.96,-0.1339,0.1484,1.7424,0.838,0.0
688138,清溢光电,33.820,106.5,刚启动(拉升初期),15.03,57.94,0.1171,0.1354,1.779,0.8507,0.0
300929,华骐环保,15.450,19.4,刚启动(拉升初期),44.33,57.94,0.2478,0.1334,2.4729,0.8322,1.0
688182,灿勤科技,27.450,109.8,形态接近(观察),7.79,57.92,-0.1877,0.1566,2.0128,0.8264,0.4
600267,海正药业,12.300,145.2,刚启动(拉升初期),46.33,57.91,0.2761,0.1029,2.1504,0.8017,0.7
688383,新益昌,122.200,124.2,刚启动(拉升初期),12.25,57.89,-0.089,0.2132,1.6892,0.813,0.0
002396,星网锐捷,31.900,241.6,刚启动(拉升初期),51.72,57.88,0.4692,0.1295,1.9952,0.8218,0.4
688046,药康生物,33.190,136.1,形态接近(观察),46.42,57.84,0.7841,0.2931,2.2491,0.742,1.0
002906,华阳集团,28.230,148.1,刚启动(拉升初期),8.12,57.83,-0.1184,0.2184,2.0116,0.8183,0.4
300234,开尔新材,9.540,32.8,刚启动(拉升初期),9.11,57.83,0.1306,0.2526,1.8584,0.8647,0.0
300583,赛托生物,12.680,23.6,刚启动(拉升初期),10.36,57.81,-0.0406,0.1059,1.8629,0.7782,0.4
301198,喜悦智行,12.540,20.3,刚启动(拉升初期),7.06,57.81,-0.3232,0.2275,1.7109,0.8169,0.0
000506,招金黄金,22.300,207.1,刚启动(拉升初期),28.11,57.8,0.5745,0.7746,1.981,0.7699,0.4
301077,星华新材,20.630,19.7,刚启动(拉升初期),14.47,57.79,-0.2501,0.1091,2.2521,0.7569,1.0
688612,威迈斯,33.470,85.9,刚启动(拉升初期),8.57,57.78,-0.011,0.1866,2.141,0.788,0.7
688319,欧林生物,28.050,113.7,刚启动(拉升初期),7.98,57.77,-0.1472,0.2082,1.9249,0.7888,0.4
688432,有研硅,43.210,540.3,启动前(蓄势中),57.77,42.95,1.4277,0.0858,2.1646,0.8701,0.4
301358,湖南裕能,67.000,512.1,刚启动(拉升初期),7.67,57.76,-0.2104,0.065,2.4033,0.8106,1.0
600540,新赛股份,3.900,22.7,刚启动(拉升初期),15.06,57.73,-0.13,0.1721,1.9584,0.8022,0.4
601020,华钰矿业,22.440,184.0,刚启动(拉升初期),8.2,57.72,-0.0985,0.1878,1.8688,0.7707,0.4
002538,ST司特,7.200,61.4,刚启动(拉升初期),33.37,57.71,0.1629,0.1336,1.9379,0.7981,0.4
002653,海思科,64.240,344.8,启动前(蓄势中),57.71,26.51,0.2837,0.0006,1.9758,0.8608,0.0
688130,晶华微,23.860,14.4,刚启动(拉升初期),8.28,57.69,-0.0816,0.3175,1.7188,0.8095,0.0
301063,海锅股份,17.880,17.3,刚启动(拉升初期),8.06,57.68,-0.1304,0.1302,1.7655,0.8401,0.0
000055,方大集团,3.490,23.6,刚启动(拉升初期),8.28,57.68,-0.0814,0.0542,1.7929,0.8563,0.0
300087,ST荃银,5.520,49.1,刚启动(拉升初期),11.42,57.61,-0.2594,0.0889,2.1999,0.7369,1.0
601921,浙版传媒,7.390,164.2,刚启动(拉升初期),12.64,57.61,0.0041,0.0526,2.0321,0.6843,1.0
603738,泰晶科技,35.960,138.8,刚启动(拉升初期),11.97,57.6,-0.1501,0.1742,1.9996,0.8125,0.4
002835,同为股份,12.350,15.7,刚启动(拉升初期),12.24,57.58,-0.0905,0.0976,1.9821,0.8129,0.4
600853,龙建股份,3.240,32.8,刚启动(拉升初期),12.21,57.58,-0.0972,0.045,2.0256,0.8323,0.4
301509,金凯生科,29.670,16.8,刚启动(拉升初期),40.69,57.51,0.0248,0.0945,2.201,0.7344,1.0
600067,冠城新材,2.760,38.4,刚启动(拉升初期),8.29,57.51,-0.0789,0.0811,1.9678,0.8077,0.4
301098,金埔园林,9.050,17.5,刚启动(拉升初期),8.35,57.5,-0.0651,0.3022,1.8346,0.8446,0.0
600965,*ST福成,2.700,22.1,刚启动(拉升初期),8.01,57.5,-0.1402,0.122,2.0504,0.6812,1.0
688668,鼎通科技,251.770,350.6,刚启动(拉升初期),12.42,57.47,-0.0487,0.253,1.8469,0.8517,0.0
300331,苏大维格,48.820,108.4,刚启动(拉升初期),8.41,57.46,-0.0509,0.2167,1.7429,0.8199,0.0
301133,金钟股份,27.770,30.9,刚启动(拉升初期),11.22,57.45,-0.2954,0.215,1.8044,0.8402,0.0
300516,久之洋,30.820,77.7,刚启动(拉升初期),8.24,57.42,-0.09,0.0998,2.0248,0.8228,0.4
300886,华业香料,24.310,11.5,刚启动(拉升初期),12.51,57.42,-0.0261,0.1204,2.0205,0.8195,0.4
301211,亨迪药业,11.800,49.3,形态接近(观察),42.98,57.41,0.1621,0.1118,2.258,0.7493,1.0
300832,新产业,52.000,355.2,刚启动(拉升初期),27.25,57.4,0.114,0.089,2.1894,0.7283,1.0
000688,国城矿业,34.940,414.1,刚启动(拉升初期),8.15,57.39,-0.1117,0.2593,2.0135,0.8047,0.4
600137,浪莎股份,17.820,17.3,刚启动(拉升初期),8.19,57.37,-0.1015,0.1482,1.7977,0.8417,0.0
300916,朗特智能,25.800,25.6,刚启动(拉升初期),14.7,57.36,-0.2058,0.3858,1.9077,0.7592,0.4
300635,中达安,12.440,15.0,刚启动(拉升初期),8.08,57.34,-0.1255,0.2051,1.7506,0.8204,0.0
002674,兴业科技,27.200,79.6,启动前(蓄势中),57.34,44.24,0.8116,0.1024,2.4602,0.7786,1.0
002968,新大正,9.130,19.4,刚启动(拉升初期),8.13,57.34,-0.1146,0.1176,1.7867,0.84,0.0
603172,万丰股份,17.350,23.1,刚启动(拉升初期),7.95,57.33,-0.1548,0.1497,1.778,0.8339,0.0
301577,美信科技,55.390,10.4,刚启动(拉升初期),7.03,57.28,-0.3282,0.1128,1.7791,0.8364,0.0
301469,恒达新材,28.390,13.0,刚启动(拉升初期),11.91,57.26,-0.1631,0.1617,1.7442,0.8199,0.0
605090,九丰能源,34.070,240.5,刚启动(拉升初期),8.3,57.26,-0.0763,0.0722,2.1104,0.85,0.4
301042,安联锐视,32.360,29.9,刚启动(拉升初期),15.34,57.25,-0.5599,0.2006,1.7333,0.8128,0.0
002109,ST兴化,2.700,34.5,刚启动(拉升初期),8.19,57.24,-0.1026,0.0669,1.7946,0.8447,0.0
605289,罗曼股份,108.300,165.1,刚启动(拉升初期),8.68,57.24,0.0152,0.2012,1.8044,0.836,0.0
603895,天永智能,24.530,26.5,刚启动(拉升初期),6.96,57.22,-0.3389,0.1207,1.8779,0.8669,0.0
605117,德业股份,95.220,1212.4,刚启动(拉升初期),7.9,57.22,-0.1654,0.1436,1.847,0.8547,0.0
600769,祥龙电业,14.780,55.4,刚启动(拉升初期),8.7,57.21,0.0199,0.1139,1.9992,0.8079,0.4
000702,正虹科技,5.400,18.7,刚启动(拉升初期),7.96,57.21,-0.1528,0.1208,1.7769,0.8332,0.0
301626,苏州天脉,253.330,133.3,形态接近(观察),11.66,57.2,-0.213,0.2241,2.0838,0.8262,0.4
600888,新疆众和,10.630,165.1,刚启动(拉升初期),8.13,57.2,-0.1149,0.1264,1.6845,0.8015,0.0
688636,智明达,19.680,34.2,刚启动(拉升初期),16.2,57.19,-0.4533,0.1382,1.8037,0.8399,0.0
002237,恒邦股份,15.170,180.9,刚启动(拉升初期),13.1,57.18,0.1276,0.1827,2.0772,0.7519,0.7
300074,华平股份,3.730,20.5,刚启动(拉升初期),8.12,57.18,-0.1182,0.0971,1.779,0.8351,0.0
000809,和展能源,3.400,28.0,刚启动(拉升初期),7.75,57.17,-0.1962,0.0828,1.6583,0.796,0.0
002376,新北洋,6.740,53.1,刚启动(拉升初期),21.51,57.17,0.003,0.0891,2.0275,0.8185,0.4
002125,湘潭电化,13.270,83.5,刚启动(拉升初期),8.17,57.17,-0.1055,0.137,2.0742,0.8296,0.4
603811,诚意药业,7.280,33.4,刚启动(拉升初期),12.34,57.15,-0.0666,0.0384,2.3004,0.7638,1.0
688175,高凌信息,18.820,31.6,刚启动(拉升初期),11.13,57.15,-0.3113,0.1293,1.7596,0.8251,0.0
600081,东风科技,10.080,55.7,刚启动(拉升初期),8.4,57.13,-0.0534,0.051,2.1957,0.8022,0.7
688178,万德斯,27.680,23.5,刚启动(拉升初期),7.43,57.12,-0.2563,0.1477,1.8423,0.8502,0.0
002205,国统股份,10.570,19.6,刚启动(拉升初期),7.74,57.12,-0.1974,0.1138,1.7601,0.8259,0.0
603121,华培动力,12.180,41.2,刚启动(拉升初期),7.07,57.11,-0.3213,0.1102,1.7951,0.8375,0.0
301617,博苑新材,48.880,33.7,刚启动(拉升初期),8.37,57.07,-0.0596,0.0959,2.227,0.8069,0.7
001229,魅视科技,43.770,32.3,启动前(蓄势中),55.62,57.03,0.6268,0.166,1.8658,0.8542,0.0
300869,康泰医学,11.330,29.9,刚启动(拉升初期),8.49,57.02,-0.0308,0.0628,2.0107,0.7365,0.7
600500,中化国际,5.370,192.7,刚启动(拉升初期),8.71,57.01,0.0242,0.1154,2.1305,0.6965,1.0
300517,海波重科,10.180,12.9,刚启动(拉升初期),8.03,57.01,-0.1369,0.1871,1.7353,0.8085,0.0
688468,科美诊断,6.220,24.9,刚启动(拉升初期),8.3,56.97,-0.0756,0.0909,1.981,0.7979,0.4
300899,上海凯鑫,28.630,12.4,刚启动(拉升初期),7.96,56.97,-0.1516,0.1495,1.823,0.84,0.0
300233,金城医药,13.250,49.3,刚启动(拉升初期),35.9,56.96,-0.0112,0.0573,2.2758,0.7488,1.0
002141,贤丰控股,5.940,61.4,启动前(蓄势中),56.96,29.31,0.7663,0.0419,2.5426,0.7938,1.0
300481,濮阳惠成,14.010,40.6,刚启动(拉升初期),8.45,56.95,-0.0411,0.0811,2.1538,0.8559,0.4
600353,旭光电子,35.530,294.5,刚启动(拉升初期),19.41,56.92,0.7228,0.386,2.3238,0.7368,1.0
300522,世名科技,13.820,36.4,刚启动(拉升初期),12.12,56.91,0.1231,0.1463,1.8033,0.8321,0.0
688135,利扬芯片,25.130,58.6,刚启动(拉升初期),7.18,56.89,-0.3016,0.156,1.7872,0.8253,0.0
300998,宁波方正,25.670,27.6,刚启动(拉升初期),8.38,56.88,-0.0576,0.1287,1.766,0.8204,0.0
603255,鼎际得,27.750,16.8,刚启动(拉升初期),8.45,56.88,-0.0413,0.1635,1.8342,0.8401,0.0
301006,迈拓股份,13.620,11.7,刚启动(拉升初期),8.14,56.83,-0.1133,0.1522,1.7809,0.8221,0.0
301008,宏昌科技,38.630,44.7,刚启动(拉升初期),48.37,56.82,0.5226,0.2408,2.2743,0.7289,1.0
301163,宏德股份,23.320,12.8,刚启动(拉升初期),8.01,56.82,-0.1406,0.1333,1.8138,0.8344,0.0
688610,埃科光电,169.260,69.3,刚启动(拉升初期),12.57,56.82,-0.011,0.1847,2.0384,0.805,0.4
600561,江西长运,5.640,16.0,刚启动(拉升初期),8.39,56.79,-0.0561,0.1721,1.8291,0.8354,0.0
002462,嘉事堂,12.020,35.0,刚启动(拉升初期),8.01,56.78,-0.1408,0.0434,1.9403,0.7839,0.4
300956,英力股份,10.960,23.1,刚启动(拉升初期),6.88,56.76,-0.3518,0.1193,2.2153,0.7932,0.7
000020,深华发Ａ,11.470,20.8,形态接近(观察),18.2,56.76,-0.0988,0.1287,2.2519,0.7295,1.0
603755,日辰股份,23.060,22.7,刚启动(拉升初期),8.09,56.75,-0.1238,0.12,1.8089,0.8323,0.0
300731,科创新源,41.210,69.3,刚启动(拉升初期),7.01,56.75,-0.3318,0.2336,2.1121,0.8238,0.4
688657,浩辰软件,32.910,19.6,刚启动(拉升初期),8.16,56.73,-0.1087,0.198,1.8648,0.8438,0.0
600455,博通股份,23.860,14.9,刚启动(拉升初期),8.27,56.69,-0.0831,0.1774,1.8659,0.8448,0.0
000757,浩物股份,4.270,22.7,刚启动(拉升初期),9.57,56.68,0.0071,0.1933,1.7063,0.79,0.0
688333,铂力特,108.760,298.4,刚启动(拉升初期),23.52,56.64,0.1086,0.3039,1.9625,0.7656,0.4
603466,风语筑,11.120,66.1,刚启动(拉升初期),20.51,56.63,-0.0167,0.1629,2.3541,0.7572,1.0
600673,东阳光,32.960,989.3,刚启动(拉升初期),10.47,56.63,-0.0528,0.0972,2.1157,0.8337,0.4
300410,正业科技,7.820,28.7,刚启动(拉升初期),6.99,56.62,-0.3345,0.1416,1.8077,0.8268,0.0
301040,中环海陆,26.820,25.3,刚启动(拉升初期),8.18,56.62,-0.1036,0.1967,1.8183,0.8256,0.0
300433,蓝思科技,37.640,1869.6,刚启动(拉升初期),8.23,56.59,-0.0919,0.1099,2.03,0.8029,0.4
300363,博腾股份,20.880,104.2,形态接近(观察),48.21,56.58,0.4343,0.3214,1.9715,0.7656,0.4
688611,杭州柯林,61.910,95.0,刚启动(拉升初期),7.65,56.58,-0.2145,0.1481,1.9445,0.8709,0.0
002174,游族网络,11.960,117.1,刚启动(拉升初期),27.32,56.57,0.0614,0.0662,2.4642,0.8012,1.0
688592,司南导航,24.150,13.4,刚启动(拉升初期),8.32,56.54,-0.0719,0.1533,2.1396,0.8342,0.4
002172,澳洋健康,4.070,31.1,刚启动(拉升初期),28.7,56.51,0.1848,0.2785,1.997,0.8756,0.0
000048,京基智农,21.710,114.9,刚启动(拉升初期),37.68,56.51,0.5809,0.2024,1.8751,0.8413,0.0
301479,弘景光电,48.880,34.9,刚启动(拉升初期),7.36,56.5,-0.2701,0.0799,2.4676,0.7994,1.0
002234,民和股份,7.800,23.5,刚启动(拉升初期),18.39,56.5,-0.0213,0.142,1.9708,0.7782,0.4
003016,欣贺股份,6.830,28.1,刚启动(拉升初期),8.21,56.49,-0.0979,0.0557,2.0595,0.8151,0.4
001387,雪祺电气,11.910,13.9,刚启动(拉升初期),8.28,56.47,-0.0824,0.0846,1.7959,0.8243,0.0
301036,双乐股份,22.000,15.5,刚启动(拉升初期),8.18,56.46,-0.1039,0.1399,1.81,0.8235,0.0
301205,联特科技,302.370,253.2,刚启动(拉升初期),12.49,56.45,-0.0323,0.3935,1.8609,0.8204,0.0
688266,泽璟制药,120.990,320.3,启动前(蓄势中),56.38,12.0,0.2133,-0.0815,2.3253,0.8497,0.4
688569,铁科轨道,18.200,38.3,刚启动(拉升初期),18.39,56.36,-0.0556,0.1257,2.1076,0.6717,1.0
601609,金田股份,13.300,229.9,刚启动(拉升初期),8.89,56.35,0.0713,0.3473,2.2186,0.6905,1.0
301192,泰祥股份,19.770,10.0,刚启动(拉升初期),7.94,56.32,-0.1563,0.1386,1.815,0.822,0.0
600105,永鼎股份,38.390,561.3,刚启动(拉升初期),14.88,56.3,-0.1692,0.1284,2.0114,0.7879,0.4
301083,百胜智能,13.780,12.0,刚启动(拉升初期),8.11,56.3,-0.1189,0.1195,1.8401,0.8316,0.0
002778,中晟高科,15.670,19.3,刚启动(拉升初期),7.8,56.3,-0.186,0.0899,1.8134,0.8252,0.0
603387,基蛋生物,9.160,46.5,刚启动(拉升初期),32.07,56.28,0.0292,0.0627,1.9613,0.7766,0.4
300585,奥联电子,15.840,27.1,刚启动(拉升初期),12.03,56.28,-0.1368,0.2863,1.8043,0.8052,0.0
688506,百利天恒,274.000,1131.3,启动前(蓄势中),56.28,6.68,0.289,-0.105,2.0826,0.8604,0.0
300751,迈为股份,198.360,382.5,刚启动(拉升初期),7.84,56.27,-0.1773,0.1855,2.0966,0.8106,0.4
600602,云赛智联,17.810,191.3,刚启动(拉升初期),18.58,56.26,-0.0097,0.0321,2.486,0.804,1.0
002724,海洋王,6.220,35.2,刚启动(拉升初期),22.44,56.26,0.13,0.2132,1.9491,0.8588,0.0
301225,恒勃股份,56.660,24.9,刚启动(拉升初期),11.99,56.25,-0.1449,0.128,2.0583,0.8021,0.4
688520,神州细胞,36.300,161.7,刚启动(拉升初期),32.8,56.21,-0.0727,0.0719,2.2497,0.7201,1.0
002455,百川股份,7.190,47.5,刚启动(拉升初期),11.82,56.19,-0.1813,0.1307,1.8371,0.8268,0.0
603150,万朗磁塑,52.600,45.0,刚启动(拉升初期),7.85,56.13,-0.1748,0.0931,1.7696,0.8061,0.0
688396,华润微,62.160,825.6,刚启动(拉升初期),8.43,56.13,-0.0467,0.1145,2.0219,0.7884,0.4
603725,天安新材,11.440,34.9,刚启动(拉升初期),23.45,56.1,-0.0538,0.0762,2.1597,0.837,0.4
301107,瑜欣电子,19.850,16.1,刚启动(拉升初期),8.06,56.09,-0.1301,0.1227,2.1338,0.7488,0.7
600615,鑫源智造,9.230,20.8,刚启动(拉升初期),8.24,56.09,-0.0912,0.1063,1.8442,0.8287,0.0
301276,嘉曼服饰,20.030,14.5,刚启动(拉升初期),7.61,56.07,-0.2225,0.0962,2.2767,0.7984,0.7
002799,环球印务,6.680,21.4,刚启动(拉升初期),12.02,56.07,-0.1381,0.0827,1.815,0.8207,0.0
003033,征和工业,65.720,53.1,刚启动(拉升初期),34.76,56.07,0.0518,0.0569,2.4274,0.7774,1.0
002901,大博医疗,44.130,127.3,启动前(蓄势中),56.05,17.86,0.0971,0.0152,2.1096,0.8798,0.0
603270,金帝股份,27.870,19.7,刚启动(拉升初期),8.61,56.04,-0.0014,0.1763,1.8628,0.8276,0.0
603378,*ST亚士,6.270,26.9,刚启动(拉升初期),9.02,56.01,0.1058,0.2151,2.3954,0.7511,1.0
000975,山金国际,28.770,725.9,刚启动(拉升初期),25.79,56.0,0.2749,0.3191,1.7983,0.7938,0.0
301489,思泉新材,116.710,81.2,刚启动(拉升初期),7.55,56.0,-0.2347,0.1726,2.4642,0.7775,1.0
301297,富乐德,36.120,190.8,刚启动(拉升初期),8.21,56.0,-0.0964,0.1758,1.8965,0.838,0.0
002975,博杰股份,110.610,152.9,刚启动(拉升初期),7.82,56.0,-0.1811,0.3878,1.8093,0.7922,0.0
002957,科瑞技术,41.160,172.3,刚启动(拉升初期),7.09,55.99,-0.3175,0.1714,2.1131,0.8101,0.4
300891,惠云钛业,7.300,24.3,刚启动(拉升初期),8.59,55.97,-0.0068,0.1265,1.7849,0.8043,0.0
300198,*ST纳川,2.340,24.0,刚启动(拉升初期),8.62,55.97,0.0,0.1527,2.3391,0.7366,1.0
002759,ST天际,18.700,93.7,刚启动(拉升初期),17.04,55.96,-0.3258,0.1823,1.636,0.7496,0.0
688006,杭可科技,22.760,137.4,刚启动(拉升初期),6.71,55.95,-0.3794,0.1103,2.2407,0.782,0.7
301115,联检科技,27.510,41.0,形态接近(观察),12.47,55.94,-0.0364,0.2132,2.2241,0.7675,0.7
600985,淮北矿业,18.110,487.7,刚启动(拉升初期),9.42,55.9,0.2224,0.206,2.2107,0.7626,0.7
300534,陇神戎发,17.170,51.9,刚启动(拉升初期),39.84,55.9,1.1016,0.2049,1.8935,0.8319,0.0
300163,先锋新材,6.420,29.4,刚启动(拉升初期),10.35,55.89,0.0355,0.2944,1.8952,0.825,0.0
002168,ST惠程,3.920,30.7,刚启动(拉升初期),13.27,55.88,0.0455,0.0831,1.807,0.8133,0.0
603214,爱婴室,13.650,18.9,刚启动(拉升初期),8.19,55.88,-0.1019,0.1088,1.8561,0.8272,0.0
300647,超频三,5.640,25.8,刚启动(拉升初期),8.02,55.88,-0.14,0.1368,2.1592,0.8259,0.4
600714,金瑞矿业,14.990,43.2,刚启动(拉升初期),6.1,55.88,-0.4676,0.1595,1.9141,0.742,0.4
300804,广康生化,42.670,11.7,刚启动(拉升初期),13.12,55.86,0.1343,0.1613,1.727,0.7792,0.0
300153,科泰电源,20.880,66.5,形态接近(观察),11.69,55.8,-0.2068,0.07,2.5578,0.8128,1.0
600881,亚泰集团,1.870,60.4,刚启动(拉升初期),33.19,55.8,0.3067,0.1395,2.4227,0.7613,1.0
003018,金富科技,40.760,116.0,刚启动(拉升初期),7.8,55.79,-0.1859,0.1967,1.9529,0.8498,0.0
601388,怡球资源,3.320,73.1,刚启动(拉升初期),8.44,55.79,-0.0434,0.0924,1.8009,0.8082,0.0
000691,亚太实业,10.360,33.5,刚启动(拉升初期),14.05,55.79,0.1105,0.1424,1.7313,0.7803,0.0
688173,希荻微,14.200,58.4,刚启动(拉升初期),8.08,55.77,-0.1255,0.1589,2.0655,0.7899,0.4
603663,三祥新材,40.890,242.5,刚启动(拉升初期),15.47,55.73,-0.036,0.0771,2.38,0.7511,1.0
603197,保隆科技,30.620,64.7,刚启动(拉升初期),8.76,55.72,-0.0341,0.082,1.8155,0.8122,0.0
688416,恒烁股份,73.580,79.4,刚启动(拉升初期),11.9,55.7,-0.1639,0.1697,1.9248,0.8403,0.0
603616,韩建河山,5.410,20.8,刚启动(拉升初期),8.19,55.69,-0.1012,0.1245,1.7991,0.8021,0.0
603808,歌力思,8.380,30.5,刚启动(拉升初期),7.99,55.65,-0.1447,0.1263,1.771,0.7917,0.0
000520,凤凰航运,4.230,42.8,刚启动(拉升初期),9.02,55.63,0.1044,0.1044,2.3829,0.747,1.0
301028,鼎熔岩,12.770,32.0,刚启动(拉升初期),6.81,55.6,-0.3634,0.1047,2.0729,0.7929,0.4
002483,润邦股份,5.390,47.7,刚启动(拉升初期),18.33,55.58,-0.0691,0.0631,2.4218,0.7625,1.0
300014,亿纬锂能,55.970,1182.6,刚启动(拉升初期),8.03,55.57,-0.1379,0.0361,1.9306,0.8513,0.0
688697,纽威数控,14.640,93.7,刚启动(拉升初期),8.66,55.57,0.0106,0.1528,1.8761,0.8224,0.0
688582,芯动联科,42.450,170.5,刚启动(拉升初期),8.23,55.57,-0.0929,0.1818,2.1809,0.8215,0.4
600397,江钨装备,17.750,175.7,刚启动(拉升初期),24.16,55.56,0.3013,0.2307,2.0491,0.6983,0.7
002845,同兴达,12.940,32.4,刚启动(拉升初期),7.89,55.52,-0.1666,0.0732,1.9222,0.8435,0.0
300504,天邑股份,14.750,32.2,刚启动(拉升初期),7.59,55.52,-0.2267,0.0643,2.2964,0.7942,0.7
300989,蕾奥规划,14.440,23.5,刚启动(拉升初期),18.61,55.52,-0.0028,0.4576,1.9567,0.8245,0.0
688699,明微电子,59.090,65.0,刚启动(拉升初期),10.01,55.49,-0.0122,0.2629,2.0886,0.782,0.4
003022,联泓新科,20.230,270.0,刚启动(拉升初期),7.68,55.47,-0.2101,0.0876,1.8852,0.8287,0.0
600408,安泰集团,2.820,28.4,刚启动(拉升初期),8.44,55.45,-0.0433,0.1124,2.2024,0.6816,1.0
600148,长春一东,15.210,21.5,刚启动(拉升初期),8.22,55.44,-0.0946,0.085,1.8656,0.8216,0.0
600860,京城股份,8.570,38.1,刚启动(拉升初期),15.2,55.44,-0.0998,0.0807,2.508,0.7863,1.0
002741,光华科技,25.220,108.5,刚启动(拉升初期),8.29,55.41,-0.0782,0.1517,2.0611,0.7801,0.4
603183,建研院,4.630,23.0,刚启动(拉升初期),31.9,55.37,0.092,0.1348,1.8382,0.8062,0.0
000565,渝三峡Ａ,5.930,25.7,刚启动(拉升初期),11.94,55.36,-0.1561,0.0842,2.2211,0.7632,0.7
301345,涛涛车业,243.230,85.2,启动前(蓄势中),55.34,31.09,0.1459,0.0107,2.1359,0.8664,0.0
603328,依顿电子,10.710,106.9,刚启动(拉升初期),8.09,55.33,-0.123,0.2254,1.8464,0.8002,0.0
603699,纽威股份,54.220,411.1,刚启动(拉升初期),12.46,55.33,-0.0396,0.3302,2.0506,0.8602,0.0
002365,永安药业,15.280,37.5,刚启动(拉升初期),33.59,55.29,0.2848,0.1747,2.3047,0.7063,1.0
301516,中远通,23.880,16.8,刚启动(拉升初期),28.33,55.29,0.3431,0.4807,2.4356,0.7268,1.0
300471,厚普股份,9.610,36.0,刚启动(拉升初期),11.07,55.28,-0.0475,0.076,2.4774,0.7723,1.0
002293,罗莱生活,11.380,94.5,启动前(蓄势中),55.27,7.12,0.1423,0.0,2.352,0.8369,0.4
688710,益诺思,91.960,83.4,刚启动(拉升初期),42.15,55.26,0.5693,0.1848,2.0679,0.7758,0.4
002827,高争民爆,54.900,151.5,刚启动(拉升初期),27.8,55.26,0.9403,1.1135,1.9753,0.7929,0.0
300661,圣邦股份,113.490,683.0,刚启动(拉升初期),8.89,55.26,0.0709,0.1912,1.8538,0.8039,0.0
300656,民德电子,26.010,35.1,刚启动(拉升初期),8.04,55.25,-0.1349,0.1239,2.1341,0.8028,0.4
300106,西部牧业,9.690,20.5,刚启动(拉升初期),17.2,55.24,-0.2991,0.1243,2.2419,0.8384,0.4
301356,天振股份,19.870,25.2,刚启动(拉升初期),7.77,55.22,-0.1904,0.1719,1.8834,0.8143,0.0
300575,中旗股份,5.810,20.1,刚启动(拉升初期),18.35,55.2,-0.0644,0.072,2.2021,0.754,0.7
300970,华绿生物,18.020,22.1,形态接近(观察),17.81,55.19,-0.1829,0.1757,2.2931,0.6997,1.0
600259,中稀有色,85.000,286.0,刚启动(拉升初期),8.71,55.16,0.0229,0.1672,2.074,0.7769,0.4
605058,澳弘电子,26.360,37.7,刚启动(拉升初期),6.99,55.15,-0.3348,0.1327,1.8829,0.8158,0.0
688671,碧兴物联,24.270,13.1,刚启动(拉升初期),8.34,55.14,-0.0666,0.1946,1.9804,0.8427,0.0
001380,华纬科技,16.720,38.9,刚启动(拉升初期),8.43,55.12,-0.0462,0.0835,2.1179,0.7979,0.4
688361,中科飞测,355.080,1250.1,启动前(蓄势中),55.07,13.88,0.7535,-0.0372,2.2579,0.801,0.4
688259,创耀科技,30.420,34.0,刚启动(拉升初期),7.81,55.07,-0.1834,0.1119,2.0075,0.8572,0.0
600172,黄河旋风,12.910,165.7,刚启动(拉升初期),10.18,55.07,-0.0384,0.1825,2.088,0.7029,0.7
002150,正泰电源,22.480,80.6,刚启动(拉升初期),7.17,55.06,-0.3032,0.0588,2.1883,0.8222,0.4
600604,市北高新,4.940,69.5,刚启动(拉升初期),25.24,55.05,0.0045,0.0767,2.4863,0.7696,1.0
001277,速达股份,31.890,14.5,形态接近(观察),18.49,55.03,-0.031,0.2153,2.2845,0.6898,1.0
300615,欣天科技,15.410,23.6,形态接近(观察),23.57,55.03,0.1153,0.7842,2.5564,0.7419,1.0
000731,四川美丰,6.140,33.7,刚启动(拉升初期),8.6,55.02,-0.0049,0.0678,2.0786,0.7088,0.7
000850,华茂股份,4.180,39.4,形态接近(观察),25.53,54.99,0.0313,0.045,2.1915,0.7477,0.7
300318,博晖创新,4.920,39.0,形态接近(观察),19.48,54.97,-0.0354,0.0514,2.3446,0.7227,1.0
605296,神农集团,29.770,154.2,形态接近(观察),54.97,22.02,0.0926,-0.007,2.1378,0.8624,0.0
300821,东岳硅材,16.470,197.6,形态接近(观察),19.12,54.94,0.0459,0.079,2.2813,0.7732,0.7
603823,百合花,69.980,291.4,形态接近(观察),52.38,54.94,1.5047,0.1381,2.0771,0.7747,0.4
300197,节能铁汉,1.970,58.4,形态接近(观察),8.7,54.93,0.0207,0.1067,2.4394,0.7481,1.0
688602,康鹏科技,6.550,34.0,形态接近(观察),8.37,54.93,-0.0603,0.0704,2.249,0.8379,0.4
600189,泉阳泉,7.330,52.4,形态接近(观察),8.25,54.93,-0.0885,0.0676,1.993,0.853,0.0
688530,欧莱新材,63.260,44.1,形态接近(观察),21.51,54.91,0.3482,0.3456,1.8901,0.7949,0.0
688231,隆达股份,29.060,92.9,形态接近(观察),7.79,54.9,-0.1871,0.2003,1.9794,0.836,0.0
002539,云图控股,12.910,114.9,形态接近(观察),12.79,54.89,0.0429,0.1142,1.7296,0.7598,0.0
300328,宜安科技,16.020,110.2,形态接近(观察),8.18,54.84,-0.1034,0.4624,2.0516,0.8388,0.0
688512,慧智微,14.050,45.6,形态接近(观察),12.86,54.82,0.0524,0.2699,1.8627,0.7894,0.0
301165,锐捷网络,118.590,1320.7,形态接近(观察),54.81,40.11,0.9275,0.0256,2.8145,0.8396,1.0
301097,天益医疗,33.130,13.1,形态接近(观察),8.06,54.8,-0.1301,0.0614,2.2814,0.7715,0.7
000419,通程控股,4.850,26.4,形态接近(观察),12.34,54.79,-0.0672,0.0658,1.9189,0.8249,0.0
603110,东方材料,24.770,49.8,形态接近(观察),21.14,54.79,0.12,0.1736,2.1323,0.7863,0.4
002375,亚厦股份,3.560,47.4,形态接近(观察),7.9,54.79,-0.1655,0.0259,2.1657,0.8111,0.4
002248,华东数控,9.580,29.5,形态接近(观察),18.36,54.78,-0.0616,0.1679,2.5075,0.7616,1.0
688265,南模生物,40.220,31.4,形态接近(观察),40.28,54.77,0.1362,0.2568,2.3695,0.7081,1.0
605208,永茂泰,13.450,44.4,形态接近(观察),10.91,54.76,-0.0554,0.1426,1.9934,0.8421,0.0
603191,望变电气,14.470,47.7,形态接近(观察),10.86,54.75,-0.3566,0.0878,2.3994,0.732,1.0
300829,金丹科技,14.700,24.5,形态接近(观察),11.86,54.7,-0.1734,0.0849,2.5558,0.7831,1.0
002585,双星新材,9.860,87.4,形态接近(观察),8.34,54.69,-0.0681,0.2661,1.8864,0.7945,0.0
301201,诚达药业,34.520,37.5,形态接近(观察),21.38,54.69,0.0458,0.228,2.2231,0.7348,0.7
001323,慕思股份,18.300,57.0,形态接近(观察),18.26,54.59,-0.0861,0.173,2.1145,0.7755,0.4
000739,普洛药业,19.670,227.8,形态接近(观察),54.59,28.42,0.1708,0.0061,2.47,0.7068,1.0
603350,安乃达,28.030,12.4,形态接近(观察),8.2,54.59,-0.0988,0.0769,1.8992,0.8123,0.0
605196,华通线缆,34.380,174.4,形态接近(观察),11.78,54.57,-0.1898,0.1112,1.8994,0.8087,0.0
002589,瑞康医药,3.040,41.5,形态接近(观察),30.9,54.55,0.0313,0.114,2.3595,0.7113,1.0
002672,东江环保,3.630,32.9,形态接近(观察),8.29,54.53,-0.0789,0.0806,1.8811,0.8045,0.0
605138,盛泰集团,5.770,32.1,形态接近(观察),7.81,54.52,-0.184,0.0822,1.846,0.7924,0.0
002683,广东宏大,29.750,198.3,形态接近(观察),8.36,54.51,-0.0618,0.1197,2.0432,0.8545,0.0
300675,建科院,12.670,18.6,形态接近(观察),7.98,54.5,-0.148,0.0961,1.9194,0.8149,0.0
301315,威士顿,39.460,34.7,形态接近(观察),18.15,54.44,-0.1103,0.1201,2.4667,0.7439,1.0
688028,沃尔德,88.470,133.5,形态接近(观察),11.76,54.43,-0.1935,0.1769,1.9436,0.8143,0.0
603382,海阳科技,18.590,21.5,形态接近(观察),17.97,54.41,-0.1507,0.128,2.4653,0.7419,1.0
688479,友车科技,32.330,28.0,形态接近(观察),10.15,54.4,0.1134,0.1912,1.8773,0.7902,0.0
300860,锋尚文化,26.820,29.3,形态接近(观察),8.7,54.38,0.0213,0.1455,2.0609,0.8547,0.0
603055,台华新材,8.750,77.7,形态接近(观察),32.01,54.38,0.0186,0.0554,2.299,0.6923,1.0
600858,银座股份,4.820,24.9,形态接近(观察),8.33,54.36,-0.0707,0.08,1.9462,0.822,0.0
300862,蓝盾光电,54.010,82.1,形态接近(观察),18.68,54.36,0.9622,1.902,2.4679,0.7162,1.0
688370,丛麟科技,22.900,31.4,形态接近(观察),18.39,54.36,0.006,0.1146,1.8659,0.7921,0.0
300890,翔丰华,27.060,29.6,形态接近(观察),7.49,54.34,-0.2453,0.0976,1.9054,0.8063,0.0
300347,泰格医药,49.550,280.7,形态接近(观察),54.32,37.83,0.2757,0.0437,1.9491,0.7679,0.0
300903,科翔股份,76.420,268.5,形态接近(观察),16.17,54.31,0.1486,0.3254,1.8652,0.7733,0.0
002824,和胜股份,23.740,53.7,形态接近(观察),8.35,54.31,-0.0661,0.1183,1.9875,0.831,0.0
300011,鼎汉技术,5.950,30.3,形态接近(观察),8.22,54.24,-0.0957,0.0475,2.4571,0.7422,1.0
300715,凯伦股份,13.870,44.7,形态接近(观察),6.84,54.24,-0.3594,0.1864,1.8889,0.7904,0.0
301601,惠通科技,16.310,13.8,形态接近(观察),7.94,54.23,-0.1566,0.1167,1.8345,0.778,0.0
600533,栖霞建设,2.150,22.6,形态接近(观察),8.49,54.22,-0.0311,0.1414,1.8841,0.7922,0.0
002593,日上集团,4.400,24.7,形态接近(观察),8.22,54.22,-0.0948,0.0502,1.9834,0.8337,0.0
300512,中亚股份,7.100,23.2,形态接近(观察),12.06,54.19,-0.1301,0.0958,1.9405,0.8143,0.0
000633,合金投资,5.270,20.3,形态接近(观察),8.26,54.18,-0.0868,0.0868,1.8864,0.797,0.0
603091,众鑫股份,49.790,21.9,形态接近(观察),17.81,54.17,-0.0118,0.0777,2.3181,0.7663,0.7
003013,地铁设计,18.740,75.4,形态接近(观察),27.5,54.17,0.2781,0.1022,2.1864,0.7953,0.4
000803,山高环能,7.330,33.7,形态接近(观察),12.12,54.17,-0.1181,0.1296,1.976,0.8227,0.0
603586,金麒麟,13.360,26.2,形态接近(观察),7.56,54.16,-0.2319,0.0871,2.3229,0.7669,0.7
605365,立达信,14.210,71.3,形态接近(观察),7.88,54.16,-0.1689,0.1023,2.1392,0.7792,0.4
002520,日发精机,5.810,41.7,形态接近(观察),8.58,54.15,-0.0102,0.0699,2.5736,0.7768,1.0
688180,君实生物,35.520,272.2,形态接近(观察),54.09,37.26,0.0769,-0.0042,2.509,0.8657,0.4
301161,唯万密封,27.040,20.9,形态接近(观察),8.09,54.07,-0.124,0.0874,2.0371,0.8444,0.0
301086,鸿富瀚,121.290,84.6,形态接近(观察),11.6,54.03,-0.2258,0.1624,1.958,0.8103,0.0
300757,罗博特科,495.750,805.9,形态接近(观察),11.89,54.02,-0.1671,0.2287,2.0299,0.8284,0.0
300429,强力新材,10.810,45.2,形态接近(观察),7.71,53.97,-0.2025,0.1546,1.9779,0.8162,0.0
603998,方盛制药,9.680,42.5,形态接近(观察),25.17,53.97,-0.0482,0.0591,2.4885,0.7448,1.0
688443,智翔金泰,24.750,35.5,形态接近(观察),35.59,53.97,0.0012,0.081,2.1389,0.7764,0.4
000639,ST西王,1.930,20.8,形态接近(观察),21.35,53.96,0.205,0.2848,2.1315,0.7563,0.4
300977,深圳瑞捷,16.020,15.2,形态接近(观察),7.69,53.95,-0.2069,0.1246,2.1876,0.7881,0.4
300687,赛意信息,26.000,87.3,形态接近(观察),15.29,53.95,-0.0015,0.2513,2.5214,0.8137,0.7
300843,胜蓝股份,129.590,208.0,形态接近(观察),38.01,53.95,0.5306,0.1258,2.1404,0.7723,0.4
301148,嘉戎技术,50.160,29.5,形态接近(观察),7.89,53.94,-0.1656,0.1723,2.0656,0.743,0.4
603677,奇精机械,13.510,26.0,形态接近(观察),7.52,53.91,-0.2407,0.0826,1.9338,0.8063,0.0
300806,斯迪克,49.500,226.1,形态接近(观察),15.45,53.87,-0.0408,0.1988,2.0296,0.827,0.0
688235,百济神州,279.000,321.0,形态接近(观察),53.86,31.21,0.19,0.0609,2.4366,0.8259,0.4
301387,光大同创,56.100,23.9,形态接近(观察),6.68,53.83,-0.3848,0.113,1.9302,0.8003,0.0
688202,美迪西,96.500,129.6,形态接近(观察),50.57,53.82,0.6763,0.2337,2.1074,0.7488,0.4
002347,泰尔股份,5.860,28.9,形态接近(观察),7.86,53.81,-0.1737,0.0914,2.5187,0.748,1.0
301503,智迪科技,21.730,12.5,形态接近(观察),8.01,53.81,-0.1412,0.0877,2.1543,0.7768,0.4
002427,尤夫股份,4.440,43.7,形态接近(观察),8.34,53.79,-0.0671,0.0988,2.4559,0.726,1.0
688790,昂瑞微,94.880,12.0,形态接近(观察),7.46,53.79,-0.2512,0.0843,2.2803,0.8187,0.4
002388,新亚制程,6.160,31.2,形态接近(观察),19.04,53.77,0.1119,0.1667,1.9436,0.7987,0.0
301321,翰博高新,40.400,59.6,形态接近(观察),30.25,53.77,0.29,0.1992,1.9606,0.8014,0.0
688279,峰岹科技,183.660,171.8,形态接近(观察),8.05,53.76,-0.1322,0.1504,2.4002,0.7771,0.7
301193,家联科技,17.860,32.9,形态接近(观察),7.97,53.75,-0.149,0.1397,2.007,0.8216,0.0
002349,精华制药,6.840,55.7,形态接近(观察),33.18,53.73,-0.0311,0.0239,2.4596,0.7327,1.0
300614,百川畅银,10.580,17.0,形态接近(观察),8.02,53.72,-0.1398,0.1678,2.0192,0.8226,0.0
603006,联明股份,11.180,28.4,形态接近(观察),7.7,53.67,-0.2044,0.117,1.9794,0.8125,0.0
688013,天臣医疗,25.100,20.4,形态接近(观察),12.09,53.66,-0.123,0.1101,1.9529,0.804,0.0
002840,华统股份,8.050,64.1,形态接近(观察),8.25,53.64,-0.0871,0.0965,2.4671,0.801,0.7
301258,富士莱,25.880,23.6,形态接近(观察),18.41,53.64,-0.0504,0.1044,1.9512,0.8033,0.0
301277,新天地,10.240,40.1,形态接近(观察),39.66,53.58,0.0168,0.0502,2.4733,0.7309,1.0
688117,圣诺生物,24.610,54.2,形态接近(观察),40.2,53.54,0.0139,0.0557,2.4864,0.7337,1.0
001337,四川黄金,54.920,230.7,形态接近(观察),19.08,53.54,0.1234,0.4377,2.1882,0.7535,0.4
600425,青松建化,3.610,57.9,形态接近(观察),12.45,53.51,-0.0404,0.0627,1.9637,0.8082,0.0
002902,铭普光磁,24.230,45.2,形态接近(观察),7.55,53.46,-0.2343,0.1276,2.085,0.8413,0.0
301200,大族数控,271.480,1154.4,形态接近(观察),8.56,53.43,-0.0157,0.1488,2.0525,0.8278,0.0
688080,映翰通,35.950,26.5,形态接近(观察),8.0,53.42,-0.1444,0.103,2.0082,0.8171,0.0
301333,诺思格,55.350,53.4,形态接近(观察),37.12,53.41,0.1146,0.166,2.1802,0.7685,0.4
002830,名雕股份,13.630,12.7,形态接近(观察),7.84,53.41,-0.1779,0.1449,1.9416,0.7907,0.0
300511,雪榕生物,5.390,29.4,形态接近(观察),15.03,53.39,-0.1378,0.0869,2.4962,0.7304,1.0
300765,石药创新,45.190,634.7,形态接近(观察),53.38,52.19,0.7449,0.164,2.8891,0.8188,1.0
688336,三生国健,44.510,398.9,形态接近(观察),33.63,53.37,-0.0031,0.0565,2.3021,0.743,0.7
300876,蒙泰高新,15.480,17.6,形态接近(观察),7.87,53.36,-0.1699,0.1535,2.0205,0.815,0.0
688332,中科蓝讯,90.070,160.8,形态接近(观察),8.53,53.35,-0.0224,0.157,2.1326,0.852,0.0
002666,德联集团,4.140,20.7,形态接近(观察),8.13,53.35,-0.1156,0.0644,2.0507,0.8329,0.0
300221,银禧科技,14.560,67.3,形态接近(观察),9.02,53.34,0.1062,0.3175,1.9503,0.778,0.0
300705,九典制药,11.030,40.8,形态接近(观察),23.68,53.31,-0.065,0.0522,2.5506,0.7498,1.0
600784,鲁银投资,7.700,52.0,形态接近(观察),28.1,53.31,0.0277,0.0912,1.9699,0.8026,0.0
301312,智立方,72.030,61.1,形态接近(观察),15.1,53.31,-0.1217,0.1851,1.9688,0.7939,0.0
688275,万润新能,86.830,109.5,形态接近(观察),10.83,53.27,-0.3613,0.1201,2.2652,0.7974,0.4
002682,龙洲股份,4.520,25.4,形态接近(观察),18.02,53.27,-0.138,0.1122,2.5136,0.731,1.0
002344,海宁皮城,3.810,48.8,形态接近(观察),8.4,53.27,-0.0522,0.0381,2.377,0.6923,1.0
688011,新光光电,76.270,75.6,形态接近(观察),32.24,53.26,0.3662,0.2067,2.1989,0.7675,0.4
002535,林州重机,2.490,18.6,形态接近(观察),8.16,53.26,-0.1079,0.1273,1.9875,0.804,0.0
688048,长光华芯,298.220,525.7,形态接近(观察),12.09,53.25,-0.1235,0.1293,2.0888,0.8373,0.0
688808,联讯仪器,2269.970,438.0,形态接近(观察),9.95,53.25,0.3937,0.227,2.0463,0.8149,0.0
600487,亨通光电,59.790,1467.0,形态接近(观察),14.76,53.23,-0.1937,0.1194,2.12,0.7481,0.4
000949,新乡化纤,6.880,114.0,形态接近(观察),8.74,53.22,0.0313,0.208,2.1732,0.758,0.4
300485,赛升药业,9.200,25.2,形态接近(观察),33.61,53.2,0.0155,0.0384,2.4648,0.7196,1.0
002877,智能自控,7.290,17.5,形态接近(观察),8.13,53.2,-0.1149,0.0722,1.9944,0.8096,0.0
603230,内蒙新华,9.160,32.4,形态接近(观察),12.27,53.19,-0.0831,0.0541,2.162,0.7671,0.4
300384,三联虹普,12.480,27.5,形态接近(观察),12.53,53.16,-0.0227,0.0427,2.2306,0.6402,1.0
300951,博硕科技,68.040,103.0,形态接近(观察),33.21,53.16,0.7434,0.2366,2.0994,0.8294,0.0
688606,奥泰生物,47.660,36.1,形态接近(观察),12.64,53.14,0.0051,0.0964,1.8761,0.7666,0.0
688721,龙图光罩,41.440,22.9,形态接近(观察),9.64,53.14,-0.0088,0.0877,2.0076,0.8111,0.0
002192,融捷股份,79.760,206.7,形态接近(观察),8.54,53.13,-0.0189,0.2404,2.4016,0.7542,0.7
002329,皇氏集团,3.570,23.3,形态接近(观察),24.02,53.13,-0.1739,0.1176,2.5308,0.7326,1.0
688053,ST思科瑞,35.100,35.1,形态接近(观察),8.51,53.11,-0.0268,0.1862,2.0224,0.8067,0.0
688090,瑞松科技,68.510,108.7,形态接近(观察),12.83,53.1,0.0535,0.2174,1.9985,0.7959,0.0
000707,双环科技,4.580,25.2,形态接近(观察),8.18,53.1,-0.1039,0.0728,1.9915,0.8063,0.0
301505,苏州规划,16.180,14.8,形态接近(观察),7.7,53.09,-0.205,0.1022,2.0001,0.8062,0.0
002144,宏达高科,10.710,14.7,形态接近(观察),8.07,53.07,-0.1273,0.1009,1.9809,0.7994,0.0
600785,新华百货,10.710,33.8,形态接近(观察),13.56,53.05,-0.4028,0.2236,2.0415,0.8085,0.0
603051,鹿山新材,20.900,33.8,形态接近(观察),12.48,53.04,-0.0391,0.1663,1.9463,0.7814,0.0
301349,信德新材,43.200,48.6,形态接近(观察),7.2,53.04,-0.2994,0.1049,2.0817,0.8318,0.0
688309,恒誉科技,73.590,58.4,形态接近(观察),28.24,53.02,0.0884,0.105,1.9232,0.7784,0.0
002855,捷荣技术,10.050,24.7,形态接近(观察),7.98,53.02,-0.1483,0.0948,1.9844,0.7998,0.0
688218,江苏北人,40.330,47.0,形态接近(观察),8.27,53.01,-0.0841,0.1151,2.2226,0.7771,0.4
688759,必贝特,25.940,18.7,形态接近(观察),17.5,52.99,-0.2441,0.1198,1.9678,0.7912,0.0
688676,金盘科技,76.110,349.9,形态接近(观察),7.51,52.97,-0.2421,0.1364,2.6533,0.7679,1.0
002356,鹏飞绿能,2.720,35.7,形态接近(观察),7.87,52.94,-0.1707,0.0625,2.3849,0.7593,0.7
600737,中粮糖业,14.710,314.6,形态接近(观察),19.1,52.93,0.1287,0.2053,2.3925,0.6741,1.0
600303,曙光股份,2.830,19.2,形态接近(观察),8.15,52.92,-0.1115,0.1667,2.0499,0.8129,0.0
688283,坤恒顺维,27.700,33.7,形态接近(观察),7.49,52.9,-0.2465,0.1091,2.0192,0.8071,0.0
300172,中电环保,4.560,23.9,形态接近(观察),12.31,52.89,-0.0751,0.0556,2.0048,0.8071,0.0
688051,佳华科技,24.190,18.7,形态接近(观察),7.5,52.89,-0.2449,0.1396,2.0938,0.8289,0.0
002828,贝肯能源,11.840,23.8,形态接近(观察),52.88,8.42,0.1964,0.0137,2.6585,0.7248,1.0
300323,华灿光电,11.990,142.4,形态接近(观察),7.72,52.87,-0.2005,0.1029,2.2613,0.7876,0.4
300597,吉大通信,7.690,20.9,形态接近(观察),8.12,52.78,-0.1183,0.1098,2.0201,0.8044,0.0
301382,蜂助手,39.710,93.9,形态接近(观察),15.39,52.78,-0.0554,0.1354,2.1224,0.8361,0.0
600984,建设机械,4.490,56.4,形态接近(观察),12.27,52.75,-0.0837,0.3323,1.8882,0.7414,0.0
600293,三峡新材,2.790,32.4,形态接近(观察),8.14,52.75,-0.1125,0.0923,1.9735,0.7897,0.0
688531,日联科技,132.800,152.4,形态接近(观察),7.69,52.75,-0.2076,0.1148,2.3148,0.8013,0.4
688575,亚辉龙,9.230,52.7,形态接近(观察),15.11,52.74,-0.1191,0.0441,2.5125,0.7235,1.0
002715,登云股份,14.250,19.7,形态接近(观察),8.13,52.74,-0.1152,0.1278,2.0202,0.8018,0.0
600503,华丽家族,2.110,33.8,形态接近(观察),7.75,52.72,-0.1962,0.0812,2.1756,0.7574,0.4
300648,星云股份,39.810,54.1,形态接近(观察),11.79,52.72,-0.188,0.2514,2.0222,0.7915,0.0
603676,卫信康,9.180,39.9,形态接近(观察),29.51,52.66,-0.0214,0.0776,2.1638,0.7522,0.4
301119,正强股份,22.150,26.1,形态接近(观察),8.13,52.66,-0.1153,0.1749,2.2732,0.7799,0.4
601996,丰林集团,2.470,27.7,形态接近(观察),8.26,52.58,-0.0852,0.1227,1.9456,0.7734,0.0
688593,新相微,32.120,147.6,形态接近(观察),12.31,52.58,-0.0737,0.1551,1.9986,0.7882,0.0
603285,键邦股份,34.150,21.3,形态接近(观察),7.42,52.54,-0.2587,0.0876,2.5203,0.7171,1.0
688328,深科达,89.290,84.3,形态接近(观察),31.37,52.53,0.2062,0.2887,2.0485,0.7926,0.0
000553,安道麦A,5.510,120.0,形态接近(观察),8.01,52.52,-0.142,0.068,2.2031,0.7626,0.4
002165,红 宝 丽,7.800,56.8,形态接近(观察),16.09,52.52,0.1252,0.1903,2.4717,0.6915,1.0
600227,赤天化,4.090,52.3,形态接近(观察),26.67,52.51,0.3123,0.254,2.4414,0.6758,1.0
000609,*ST中迪,10.220,29.7,形态接近(观察),7.82,52.49,-0.1809,0.1205,2.1077,0.8252,0.0
301288,清研环境,16.900,13.2,形态接近(观察),8.36,52.49,-0.0633,0.1595,2.2341,0.764,0.4
600252,中恒集团,2.150,68.5,形态接近(观察),13.75,52.48,0.0,0.0137,2.6693,0.7724,1.0
600560,金自天正,10.970,24.5,形态接近(观察),8.04,52.48,-0.1347,0.0693,2.0366,0.8062,0.0
000922,佳电股份,11.900,83.9,形态接近(观察),8.21,52.46,-0.0965,0.1356,2.029,0.7971,0.0
301018,申菱环境,90.750,256.7,形态接近(观察),12.45,52.46,-0.0403,0.1559,2.0234,0.7933,0.0
000782,恒申新材,7.810,41.2,形态接近(观察),8.87,52.45,0.064,0.1997,2.2802,0.7751,0.4
601882,海天精工,19.860,103.7,形态接近(观察),15.34,52.44,-0.0671,0.0563,2.5779,0.7368,1.0
301025,读客文化,8.930,24.7,形态接近(观察),18.26,52.43,-0.0855,0.1419,2.5831,0.7303,1.0
002592,ST八菱,7.050,18.5,形态接近(观察),15.56,52.43,-0.0139,0.2199,2.4239,0.6709,1.0
300853,申昊科技,26.110,25.7,形态接近(观察),7.12,52.39,-0.3123,0.2536,2.1598,0.8289,0.0
688261,东微半导,72.700,88.8,形态接近(观察),8.04,52.36,-0.1352,0.0917,2.4373,0.7595,0.7
600234,科新发展,21.630,56.8,形态接近(观察),11.83,52.35,-0.1788,0.1458,1.963,0.7713,0.0
300747,锐科激光,36.090,188.4,形态接近(观察),8.29,52.35,-0.079,0.1162,2.151,0.8365,0.0
000426,兴业银锡,41.830,742.6,形态接近(观察),15.84,52.33,0.0564,0.3418,2.1889,0.7305,0.4
000692,惠天热电,4.140,22.1,形态接近(观察),17.5,52.33,-0.2445,0.1159,2.4351,0.6809,1.0
002227,*ST特迅,6.220,15.3,形态接近(观察),7.26,52.29,-0.288,0.0577,2.3999,0.8235,0.4
002485,ST雪发,5.850,31.8,形态接近(观察),52.29,51.88,0.2316,0.1293,2.2678,0.8268,0.0
601007,金陵饭店,6.690,26.1,形态接近(观察),15.55,52.26,-0.0161,0.0501,1.9804,0.7836,0.0
688518,联赢激光,20.060,68.5,形态接近(观察),7.59,52.25,-0.2268,0.1347,2.136,0.8276,0.0
002381,双箭股份,5.450,17.6,形态接近(观察),8.27,52.24,-0.084,0.0771,1.9895,0.7837,0.0
001378,德冠新材,20.140,17.0,形态接近(观察),8.61,52.24,-0.0025,0.2495,1.9957,0.7709,0.0
688291,金橙子,41.800,42.9,形态接近(观察),8.23,52.24,-0.0923,0.1553,2.1499,0.83,0.0
603595,ST东尼,25.930,60.3,形态接近(观察),10.8,52.23,0.1053,0.184,1.9834,0.7719,0.0
002671,龙泉股份,3.910,21.6,形态接近(观察),8.05,52.2,-0.133,0.0861,2.0436,0.7999,0.0
605286,同力天启,27.410,46.0,形态接近(观察),17.56,52.2,-0.2322,0.2453,2.4196,0.6614,1.0
300304,云意电气,11.500,98.0,形态接近(观察),8.06,52.18,-0.1293,0.0972,2.1034,0.8183,0.0
002806,华锋股份,14.030,24.4,形态接近(观察),7.52,52.18,-0.2403,0.1232,2.0309,0.7918,0.0
300653,正海生物,14.860,26.7,形态接近(观察),12.21,52.14,-0.0967,0.0676,2.4804,0.6957,1.0
300599,雄塑科技,11.710,37.1,形态接近(观察),8.17,52.13,-0.1064,0.2375,2.1121,0.8078,0.0
301118,恒光股份,22.080,23.4,形态接近(观察),7.38,52.1,-0.2664,0.1604,2.0623,0.797,0.0
002645,华宏科技,19.210,130.7,形态接近(观察),7.77,52.1,-0.1909,0.1267,2.0147,0.7839,0.0
003019,宸展光电,24.880,43.0,形态接近(观察),6.67,52.06,-0.3858,0.1241,2.3349,0.79,0.4
300249,依米康,12.650,47.3,形态接近(观察),7.95,52.06,-0.153,0.0587,2.2633,0.7721,0.4
605186,健麾信息,25.840,35.1,形态接近(观察),8.4,52.04,-0.0543,0.0896,2.0484,0.7972,0.0
600759,ST洲际,2.530,104.8,形态接近(观察),8.35,52.01,-0.0652,0.1073,2.384,0.8065,0.4
600798,宁波海运,3.290,39.7,形态接近(观察),8.48,52.01,-0.0347,0.0503,2.3349,0.6456,1.0
603373,安邦护卫,38.500,24.5,形态接近(观察),12.21,51.99,0.2277,0.1847,2.0556,0.7899,0.0
603983,丸美生物,26.330,105.6,形态接近(观察),51.99,6.28,0.0947,-0.1892,2.8607,0.8539,0.7
003026,中晶科技,29.300,42.4,形态接近(观察),8.54,51.99,-0.0206,0.0993,2.0549,0.7971,0.0
603790,雅运股份,24.060,46.0,形态接近(观察),15.43,51.97,-0.0465,0.0963,2.5715,0.7941,0.7
002614,奥佳华,5.270,23.3,形态接近(观察),12.6,51.97,-0.0038,0.1429,2.3461,0.7899,0.4
300736,百邦科技,29.740,37.1,形态接近(观察),8.16,51.95,-0.1085,0.1079,2.6345,0.7385,1.0
603398,*ST沐邦,10.360,44.9,形态接近(观察),14.2,51.95,-0.2989,0.1421,2.1128,0.8117,0.0
000670,盈方微,7.270,60.4,形态接近(观察),8.03,51.92,-0.1365,0.1021,2.4738,0.7599,0.7
603991,领先股份,131.850,118.1,形态接近(观察),35.39,51.92,0.1637,0.1049,2.0461,0.792,0.0
300281,金明精机,6.340,25.2,形态接近(观察),8.01,51.91,-0.1411,0.1661,1.9848,0.7659,0.0
600869,远东股份,15.510,344.2,形态接近(观察),11.2,51.88,-0.2979,0.093,2.5032,0.6943,1.0
300289,利德曼,5.810,31.6,形态接近(观察),8.41,51.87,-0.0506,0.0563,2.3026,0.7058,0.7
000823,超声电子,14.570,86.7,形态接近(观察),8.28,51.86,-0.0805,0.1341,2.0559,0.7912,0.0
603886,元祖股份,11.180,26.8,形态接近(观察),8.65,51.84,0.0072,0.1167,2.3295,0.6334,1.0
300452,山河药辅,12.530,24.9,形态接近(观察),31.75,51.79,-0.0041,0.0547,2.5441,0.7093,1.0
603987,康德莱,7.490,32.7,形态接近(观察),26.76,51.78,-0.004,0.0519,2.1392,0.7244,0.4
300844,山水比德,23.260,20.9,形态接近(观察),7.88,51.78,-0.1696,0.1341,2.0564,0.7892,0.0
002923,润都股份,10.970,28.3,形态接近(观察),33.17,51.77,-0.0054,0.0369,2.2518,0.7632,0.4
000983,山西焦煤,7.420,421.2,形态接近(观察),8.74,51.75,0.0305,0.1812,2.2479,0.7483,0.4
688519,南亚新材,278.520,655.0,形态接近(观察),13.65,51.73,0.2924,0.3068,2.051,0.7721,0.0
301135,瑞德智能,16.640,16.8,形态接近(观察),8.15,51.73,-0.1108,0.1399,2.0887,0.7983,0.0
603025,大豪科技,13.620,151.1,形态接近(观察),15.03,51.7,-0.1379,0.0657,2.7046,0.7596,1.0
688702,盛科通信,353.870,718.3,形态接近(观察),51.7,29.62,0.4027,-0.017,2.6622,0.8306,0.4
688508,芯朋微,81.890,108.4,形态接近(观察),12.05,51.69,-0.1335,0.2378,2.0739,0.7842,0.0
688191,智洋创新,21.420,70.3,形态接近(观察),10.55,51.68,-0.4038,0.1297,2.0715,0.7922,0.0
603860,中公高科,26.060,17.4,形态接近(观察),8.15,51.65,-0.1105,0.1141,2.0757,0.7942,0.0
600981,苏豪汇鸿,2.410,54.0,形态接近(观察),8.5,51.65,-0.0283,0.0667,2.2841,0.7681,0.4
002038,双鹭药业,6.540,55.7,形态接近(观察),32.1,51.64,0.1014,0.1876,2.4969,0.753,0.7
603637,镇海股份,12.950,30.9,形态接近(观察),6.49,51.64,-0.4127,0.1667,2.2978,0.7635,0.4
600367,红星发展,34.070,109.7,形态接近(观察),8.93,51.62,0.0804,0.1119,2.3953,0.6501,1.0
605299,舒华体育,12.490,50.9,形态接近(观察),14.14,51.62,-0.3096,0.0861,2.0631,0.7918,0.0
601069,西部黄金,32.630,289.5,形态接近(观察),19.24,51.6,0.1687,0.3782,2.0356,0.7583,0.0
600691,潞化科技,2.520,59.9,形态接近(观察),8.41,51.58,-0.0519,0.0894,2.2823,0.6887,0.7
300667,必创科技,14.310,25.4,形态接近(观察),7.94,51.56,-0.1551,0.0823,2.2794,0.7629,0.4
600531,豫光金铅,13.860,167.6,形态接近(观察),8.82,51.54,0.0506,0.1891,2.1683,0.7159,0.4
300889,爱克股份,20.740,30.9,形态接近(观察),8.21,51.53,-0.0963,0.2006,2.0209,0.7655,0.0
300313,天山生物,13.560,26.8,形态接近(观察),21.51,51.53,0.4278,0.7478,2.0977,0.7535,0.0
002860,星帅尔,15.660,53.9,形态接近(观察),51.52,6.19,0.2018,-0.2079,2.8478,0.8283,0.7
300267,尔康制药,3.160,44.9,形态接近(观察),7.93,51.51,-0.1592,0.0638,2.1964,0.7357,0.4
601872,招商轮船,19.370,1564.0,形态接近(观察),11.93,51.51,0.2683,0.197,2.0913,0.6888,0.4
603682,锦和商管,11.340,53.6,形态接近(观察),34.74,51.46,0.2297,0.3198,2.1022,0.7813,0.0
002658,雪迪龙,7.270,26.1,形态接近(观察),12.34,51.45,-0.0667,0.0282,2.7397,0.7687,1.0
600229,城市传媒,5.060,33.4,形态接近(观察),8.24,51.45,-0.0909,0.0782,2.0817,0.7946,0.0
300174,元力股份,19.230,69.8,形态接近(观察),7.21,51.41,-0.2965,0.0768,2.0927,0.7973,0.0
300057,万顺新材,6.550,54.4,形态接近(观察),7.42,51.39,-0.259,0.0899,2.059,0.7844,0.0
603390,通达电气,10.000,35.1,形态接近(观察),7.61,51.38,-0.2234,0.0638,2.1297,0.8101,0.0
001299,美能能源,9.970,28.2,形态接近(观察),7.45,51.38,-0.2526,0.0561,2.1854,0.7293,0.4
603059,倍加洁,24.950,25.1,形态接近(观察),15.14,51.38,-0.1136,0.0899,2.2159,0.7365,0.4
601026,道生天合,15.430,17.1,形态接近(观察),18.18,51.37,-0.1045,0.0297,2.7964,0.7853,1.0
300868,杰美特,92.410,74.6,形态接近(观察),8.17,51.34,-0.1056,0.1699,2.0362,0.7685,0.0
002622,皓宸医疗,2.460,20.7,形态接近(观察),15.35,51.34,-0.0646,0.1549,2.0527,0.7752,0.0
000679,大连友谊,6.040,21.5,形态接近(观察),8.22,51.33,-0.0946,0.1044,1.9965,0.7607,0.0
002738,中矿资源,55.620,395.5,形态接近(观察),8.25,51.32,-0.088,0.1619,2.058,0.7758,0.0
688502,茂莱光学,441.000,232.9,形态接近(观察),8.69,51.28,0.0192,0.125,2.1522,0.8095,0.0
688001,华兴源创,51.670,243.7,形态接近(观察),7.43,51.27,-0.2577,0.1,2.383,0.7885,0.4
002328,新朋股份,7.150,40.8,形态接近(观察),7.09,51.26,-0.3184,0.112,2.0121,0.7636,0.0
301217,铜冠铜箔,109.740,909.8,形态接近(观察),12.81,51.26,0.048,0.2539,2.0015,0.748,0.0
300564,筑博设计,12.380,14.6,形态接近(观察),7.91,51.25,-0.1625,0.1349,2.076,0.7824,0.0
688170,德龙激光,54.210,56.0,形态接近(观察),7.57,51.25,-0.2301,0.1788,2.1349,0.7983,0.0
688796,百奥赛图,128.970,49.8,形态接近(观察),51.24,30.11,0.2972,-0.0668,2.9108,0.7598,1.0
002028,思源电气,175.990,1074.9,形态接近(观察),7.82,51.23,-0.1805,0.0939,2.4699,0.817,0.4
300649,杭州园林,24.770,26.5,形态接近(观察),8.55,51.21,-0.0179,0.2108,2.0896,0.7795,0.0
301599,理奇智能,35.900,19.6,形态接近(观察),6.93,51.19,-0.344,0.0829,2.7691,0.7668,1.0
603207,小方制药,22.700,12.4,形态接近(观察),37.61,51.17,-0.0303,0.0499,2.5699,0.703,1.0
002971,和远气体,43.770,70.5,形态接近(观察),9.56,51.16,0.2641,0.1887,2.2325,0.7279,0.4
300854,中兰环保,17.320,19.7,形态接近(观察),6.59,51.15,-0.3976,0.2688,2.1326,0.7876,0.0
002783,凯龙股份,7.800,36.0,形态接近(观察),12.45,51.13,-0.0418,0.094,2.2715,0.7483,0.4
688648,中邮科技,31.170,21.7,形态接近(观察),11.62,51.11,-0.2213,0.0732,2.7361,0.7547,1.0
001298,好上好,17.380,70.8,形态接近(观察),7.81,51.09,-0.1832,0.0944,2.1676,0.8125,0.0
688560,明冠新材,12.090,24.3,形态接近(观察),7.83,51.08,-0.1793,0.1012,2.0693,0.7791,0.0
301235,华康洁净,42.560,44.4,形态接近(观察),17.17,51.06,-0.3032,0.1492,2.4381,0.7221,0.7
600107,*ST尔雅,5.790,20.8,形态接近(观察),8.39,51.05,-0.0556,0.0784,2.5745,0.7738,0.7
600783,鲁信创投,16.280,121.2,形态接近(观察),7.78,51.05,-0.1888,0.1601,2.4911,0.7387,0.7
600076,康欣新材,3.090,41.5,形态接近(观察),8.11,51.05,-0.1197,0.1319,2.1892,0.8154,0.0
301388,欣灵电气,23.660,17.2,形态接近(观察),7.77,51.04,-0.1904,0.0955,2.121,0.7958,0.0
600371,万向德农,8.000,23.4,形态接近(观察),18.76,51.02,0.0348,0.2113,2.287,0.6906,0.6
301539,宏鑫科技,14.540,10.9,形态接近(观察),8.22,51.02,-0.0952,0.0974,2.075,0.7799,0.0
300769,德方纳米,47.790,120.4,形态接近(观察),7.36,51.01,-0.2695,0.1153,2.2106,0.8232,0.0
002543,万和电气,7.140,47.2,形态接近(观察),18.49,50.99,-0.0326,0.1051,2.1907,0.6668,0.6
601162,天风证券,3.580,307.8,形态接近(观察),50.99,11.09,0.0655,-0.0083,2.3694,0.8428,0.0
603366,日出东方,7.100,57.7,形态接近(观察),12.23,50.98,-0.0927,0.0741,2.3578,0.6253,1.0
688596,正帆科技,67.950,215.9,形态接近(观察),40.76,50.97,0.7934,0.3897,1.9638,0.7179,0.0
603829,洛凯股份,14.920,27.8,形态接近(观察),6.77,50.95,-0.3707,0.0812,2.1683,0.8106,0.0
603938,三孚股份,41.110,157.3,形态接近(观察),8.57,50.9,-0.0122,0.0488,2.4606,0.7349,0.7
605500,森林包装,6.910,28.6,形态接近(观察),8.02,50.89,-0.1395,0.0848,2.0958,0.7846,0.0
300582,英飞特,11.050,25.0,形态接近(观察),7.48,50.89,-0.2476,0.1038,2.1705,0.8079,0.0
301131,聚赛龙,33.300,13.0,形态接近(观察),8.1,50.87,-0.1225,0.1185,2.1312,0.7928,0.0
601718,ST际华,1.810,78.9,形态接近(观察),7.97,50.86,-0.1502,0.0402,2.3433,0.7706,0.4
000938,紫光股份,34.650,991.0,形态接近(观察),50.86,13.37,0.2504,-0.1627,2.8082,0.7947,0.7
603233,大参林,17.490,199.2,形态接近(观察),50.86,6.83,0.0855,-0.0701,2.4525,0.7653,0.4
002864,盘龙药业,21.190,20.9,形态接近(观察),27.95,50.85,-0.0505,0.0301,2.56,0.7685,0.7
300598,诚迈科技,32.450,70.4,形态接近(观察),18.35,50.83,-0.0647,0.1767,2.3318,0.6036,1.0
003032,传智教育,9.970,28.4,形态接近(观察),29.73,50.83,0.4362,0.5121,2.6651,0.7647,0.7
600250,南京商旅,9.340,29.2,形态接近(观察),15.56,50.81,-0.0151,0.1701,2.7338,0.7376,1.0
688161,威高骨科,21.780,87.1,形态接近(观察),7.89,50.81,-0.1668,0.0583,2.3468,0.6938,0.7
002076,星光股份,2.050,21.4,形态接近(观察),7.46,50.79,-0.2518,0.0789,2.1124,0.7881,0.0
688110,东芯股份,119.020,526.5,形态接近(观察),8.39,50.79,-0.0558,0.1181,2.1506,0.7972,0.0
600547,山东黄金,37.480,1354.7,形态接近(观察),19.62,50.77,0.2833,0.4013,2.5837,0.6685,1.0
300636,同和药业,6.780,24.9,形态接近(观察),23.26,50.74,-0.0286,0.0335,2.4799,0.7387,0.7
688092,爱科科技,22.520,18.6,形态接近(观察),7.83,50.74,-0.1786,0.1316,2.174,0.8027,0.0
002272,川润股份,15.560,63.5,形态接近(观察),7.7,50.73,-0.2051,0.0883,2.6237,0.7813,0.7
603758,秦安股份,11.160,48.3,形态接近(观察),24.5,50.72,0.0099,0.2508,2.3343,0.6956,0.6
600577,精达股份,8.580,191.5,形态接近(观察),10.99,50.69,-0.3338,0.1896,2.4796,0.7233,0.7
300001,特锐德,35.260,363.6,形态接近(观察),8.34,50.67,-0.0666,0.0531,2.2788,0.8432,0.0
002667,*ST威领,19.250,45.5,形态接近(观察),18.55,50.66,-0.0179,0.9835,2.0971,0.7188,0.0
002057,中钢天源,8.720,65.7,形态接近(观察),8.43,50.65,-0.0472,0.1207,2.0835,0.7712,0.0
301089,拓新药业,23.330,21.2,形态接近(观察),35.18,50.64,-0.045,0.026,2.6269,0.711,1.0
688385,复旦微电,52.670,284.1,形态接近(观察),12.18,50.59,-0.111,0.0931,2.4352,0.7894,0.4
301568,思泰克,71.050,33.9,形态接近(观察),8.47,50.58,-0.0365,0.1128,2.1234,0.7836,0.0
301592,六九一二,103.500,24.2,形态接近(观察),9.96,50.58,-0.0431,0.1064,2.1171,0.7821,0.0
300992,泰福泵业,24.210,18.9,形态接近(观察),8.02,50.56,-0.1399,0.1833,2.0632,0.7569,0.0
300370,安控科技,2.150,33.6,形态接近(观察),8.11,50.56,-0.1189,0.0539,2.1506,0.7974,0.0
600876,凯盛新能,6.980,27.6,形态接近(观察),7.79,50.54,-0.1881,0.0937,2.0308,0.7535,0.0
600794,保税科技,3.130,37.6,形态接近(观察),12.53,50.53,-0.0217,0.043,2.3319,0.6834,0.7
300930,屹通新材,25.030,11.8,形态接近(观察),7.52,50.53,-0.24,0.124,2.1674,0.796,0.0
600990,四创电子,17.710,47.6,形态接近(观察),8.38,50.52,-0.0582,0.0558,2.393,0.7773,0.4
301408,华人健康,14.890,34.1,形态接近(观察),14.78,50.52,-0.1885,0.0863,2.3527,0.7609,0.4
688068,热景生物,100.700,93.4,形态接近(观察),50.51,15.71,0.172,-0.098,2.7832,0.8591,0.4
000605,渤海股份,5.840,20.6,形态接近(观察),8.14,50.51,-0.1134,0.0894,2.1463,0.7915,0.0
002841,视源股份,48.770,254.3,形态接近(观察),50.5,40.83,0.3146,0.0986,2.3921,0.8171,0.0
603113,金能科技,4.930,41.8,形态接近(观察),18.31,50.48,-0.0735,0.1569,2.393,0.617,1.0
600110,诺德股份,11.200,194.3,形态接近(观察),7.96,50.48,-0.1517,0.1462,2.1856,0.6987,0.4
301057,汇隆新材,21.560,17.8,形态接近(观察),7.28,50.47,-0.2836,0.1036,2.1374,0.7862,0.0
002632,道明光学,8.360,48.0,形态接近(观察),11.76,50.44,-0.1923,0.0759,2.3545,0.7603,0.4
688727,恒坤新材,48.610,26.3,形态接近(观察),8.45,50.44,-0.0404,0.1625,2.098,0.7672,0.0
600716,凤凰股份,3.520,32.9,形态接近(观察),8.43,50.42,-0.0459,0.1171,2.1365,0.7834,0.0
301103,何氏眼科,16.430,20.0,形态接近(观察),15.3,50.42,-0.0765,0.0845,2.2015,0.7081,0.4
301234,五洲医疗,104.920,42.3,形态接近(观察),33.62,50.4,1.6561,0.3621,2.2072,0.7867,0.0
300961,深水海纳,11.350,17.2,形态接近(观察),8.28,50.39,-0.0802,0.1848,2.1289,0.7743,0.0
002651,利君股份,8.610,48.7,形态接近(观察),18.75,50.39,0.0324,0.148,2.6635,0.7056,1.0
603268,松发股份,183.980,429.1,形态接近(观察),34.95,50.36,0.391,0.2505,2.2118,0.7958,0.0
603759,海天股份,7.400,34.2,形态接近(观察),8.2,50.35,-0.0991,0.0708,2.0642,0.7619,0.0
300976,达瑞电子,57.360,69.0,形态接近(观察),8.48,50.35,-0.0339,0.119,2.2618,0.7233,0.4
000421,南京公用,5.540,31.8,形态接近(观察),18.31,50.33,-0.0737,0.0513,2.5288,0.668,1.0
300554,三超新材,20.460,16.2,形态接近(观察),7.51,50.32,-0.2425,0.11,2.1874,0.7987,0.0
003027,同兴科技,16.460,16.9,形态接近(观察),7.19,50.32,-0.2999,0.0901,2.11,0.7747,0.0
603706,东方环宇,19.430,36.8,形态接近(观察),8.11,50.31,-0.1203,0.0596,1.9177,0.7131,0.0
000910,大亚圣象,5.320,29.1,形态接近(观察),11.85,50.3,-0.1742,0.0641,2.0719,0.7639,0.0
688409,富创精密,213.590,654.0,形态接近(观察),28.37,50.28,0.5095,0.1853,2.0499,0.7452,0.0
603228,景旺电子,91.470,898.2,形态接近(观察),24.73,50.25,0.2683,0.2366,2.0849,0.7518,0.0
300697,电工合金,15.780,52.3,形态接近(观察),12.49,50.23,-0.0312,0.1642,2.4529,0.7051,0.7
600130,波导股份,4.260,32.0,形态接近(观察),8.1,50.22,-0.1217,0.1609,2.1397,0.7757,0.0
001260,坤泰股份,17.750,20.4,形态接近(观察),18.25,50.2,-0.0873,0.1819,2.529,0.7532,0.6
301067,显盈科技,28.420,18.8,形态接近(观察),8.14,50.2,-0.113,0.1736,2.1045,0.7624,0.0
300152,*ST动力,1.610,11.5,形态接近(观察),7.94,50.17,-0.1571,0.1103,2.0473,0.7481,0.0
601798,蓝科高新,7.570,26.8,形态接近(观察),8.65,50.15,0.0078,0.0575,2.0819,0.7641,0.0
603519,立霸股份,16.670,44.4,形态接近(观察),50.14,34.71,0.4122,0.1809,2.6869,0.7242,0.7
002584,西陇科学,8.080,37.8,形态接近(观察),9.15,50.12,0.0632,0.1068,2.0926,0.7624,0.0
002842,翔鹭钨业,39.050,104.8,形态接近(观察),9.42,50.1,0.2218,0.282,2.0607,0.7364,0.0
002460,赣锋锂业,56.050,678.9,形态接近(观察),7.75,50.1,-0.196,0.1429,2.1722,0.7852,0.0
605399,晨光新材,10.700,33.3,形态接近(观察),7.51,50.09,-0.2422,0.0983,2.1417,0.7787,0.0
002933,新兴装备,26.480,31.0,形态接近(观察),8.09,50.06,-0.1231,0.0805,2.5184,0.7302,0.7
600831,广电网络,3.310,23.5,形态接近(观察),8.16,50.05,-0.1085,0.1783,2.1935,0.7879,0.0
002688,金河生物,5.120,38.2,形态接近(观察),8.34,50.03,-0.0673,0.0385,2.4908,0.724,0.7
301095,广立微,73.500,127.2,形态接近(观察),7.84,50.02,-0.1766,0.0867,2.2392,0.8106,0.0
300782,卓胜微,75.050,344.2,形态接近(观察),7.46,50.02,-0.2522,0.0907,2.1638,0.785,0.0
603320,迪贝电气,16.880,25.2,形态接近(观察),7.44,50.0,-0.2554,0.0924,2.3986,0.7627,0.4
605100,华丰股份,33.410,79.5,形态接近(观察),8.26,50.0,-0.0859,0.0851,2.2025,0.7978,0.0
